"Quezon City",14.65,121.0475,"Metro Manila",NCR
"Zamboanga City",6.9042,122.0761,"Zamboanga del Sur","IX (Zamboanga Peninsula)"
Davao,7.07,125.6,"Davao del Sur","XI (Davao Region)"
"Caloocan City",14.65,120.97,"Metro Manila",NCR
Canagatan,18,121.8,Apayao,CAR
"Cebu City",10.32,123.75,Cebu,"Central Visayas (Region VII)"
Antipolo,14.5842,121.1763,Rizal,"CALABARZON (Region IV-A)"
"Taguig City",14.52,121.05,"Metro Manila",NCR
"Pasig City",14.5605,121.0765,"Metro Manila",NCR
"Cagayan de Oro",8.48,124.65,"Misamis Oriental","Northern Mindanao (Region X)"
Valenzuela,14.7,120.98,"Metro Manila",NCR
Dasmari単as,14.33,120.94,Cavite,"CALABARZON (Region IV-A)"
"General Santos",6.12,125.17,"South Cotabato","SOCCSKSARGEN (Region XII)"
"City of Para単aque",14.5008,120.9915,"Metro Manila","National Capital Region (NCR)"
Bacoor,14.4624,120.9645,Cavite,"IV-A (CALABARZON)"
Tondo,14.617,120.967,"Metro Manila",NCR
"San Jose del Monte",14.8139,121.0453,Bulacan,"Central Luzon (Region III)"
"Makati City",14.5567,121.0214,"Metro Manila","National Capital Region (NCR)"
"Las Pi単as City",14.45,120.98,"Metro Manila","National Capital Region (NCR)"
Bacolod,10.6765,122.9509,"Negros Occidental","Western Visayas (Region VI)"
Iloilo,10.72,122.57,Iloilo,"Western Visayas (Region VI)"
"Muntinlupa City",14.38,121.05,"Metro Manila","National Capital Region (NCR)"
"City of Calamba",14.22,121.17,Laguna,"CALABARZON (Region IV-A)"
"Lapu-Lapu City",10.3127,123.9488,Cebu,"Central Visayas (Region VII)"
Imus,14.4297,120.9367,Cavite,"CALABARZON (Region IV-A)"
"Angeles City",15.1472,120.5847,Pampanga,"Central Luzon (Region III)"
"Marikina City",14.65,121.1,"Metro Manila","National Capital Region (NCR)"
"General Trias",14.38,120.88,Cavite,"CALABARZON (Region IV-A)"
Rodriguez,14.72,121.12,Rizal,"CALABARZON (Region IV-A)"
"Pasay City",14.55,121,"Metro Manila",NCR
"Mandaluyong City",14.58,121.03,"Metro Manila",NCR
"Santa Rosa",14.32,121.12,Laguna,"CALABARZON (Region IV-A)"
Bi単an,14.33,121.08,Laguna,"CALABARZON (Region IV-A)"
Sampaloc,14.6031,121.0022,"Metro Manila",NCR
Taytay,14.5692,121.1325,Rizal,"CALABARZON (Region IV-A)"
"Tarlac City",15.4869,120.59,Tarlac,"Central Luzon (Region III)"
Malabon,14.66,120.96,"Metro Manila",NCR
Cainta,14.57,121.12,Rizal,"CALABARZON (Region IV-A)"
"Lipa City",13.9411,121.1622,Batangas,"CALABARZON (Region IV-A)"
Butuan,8.948,125.543,"Agusan del Norte","Caraga (Region XIII)"
"Baguio City",16.4119,120.5933,Benguet,"Cordillera Administrative Region (CAR)"
"Mandaue City",10.33,123.93,Cebu,"Central Visayas (Region VII)"
Iligan,8.23,124.25,"Lanao del Norte","Northern Mindanao (Region X)"
Cabuyao,14.275,121.125,Laguna,"CALABARZON (Region IV-A)"
"San Fernando",15.03,120.68,Pampanga,"Central Luzon (Region III)"
Batangas,13.83,121,Batangas,"CALABARZON (Region IV-A)"
"Naga City",13.6244,123.1864,"Camarines Sur","Bicol Region (Region V)"
"Cabanatuan City",15.4908,120.9678,"Nueva Ecija","Central Luzon (Region III)"
"San Pedro",14.3583,121.0583,Laguna,"IV-A (CALABARZON)"
Cotabato,7.22,124.25,"Maguindanao del Norte","Bangsamoro Autonomous Region in Muslim Mindanao (BARMM)"
Binangonan,14.4514,121.1919,Rizal,"CALABARZON (Region IV-A)"
Tanza,14.3944,120.8531,Cavite,"CALABARZON (Region IV-A)"
"Puerto Princesa",9.75,118.75,Palawan,"MIMAROPA (Region IV-B)"
Tagum,7.4478,125.8078,"Davao del Norte","Davao Region (Region XI)"
Silang,14.2306,120.975,Cavite,"CALABARZON (Region IV-A)"
Mabalacat,15.22,120.58,Pampanga,"Central Luzon (Region III)"
"Santa Maria",14.82,120.96,Bulacan,"Central Luzon (Region III)"
"San Pablo",14.07,121.325,Laguna,"CALABARZON (Region IV-A)"
Lucena,13.93,121.62,Quezon,"CALABARZON (Region IV-A)"
"San Mateo",14.6969,121.1219,Rizal,"CALABARZON (Region IV-A)"
Talisay,10.25,123.83,Cebu,"Central Visayas (Region VII)"
Malolos,14.8433,120.8114,Bulacan,"Central Luzon (Region III)"
Olongapo,14.83,120.28,Zambales,"Central Luzon (Region III)"
Marilao,14.7581,120.9481,Bulacan,"Central Luzon (Region III)"
Tacloban,11.24,125,Leyte,"Eastern Visayas (Region VIII)"
Navotas,14.6667,120.9417,"Metro Manila",NCR
Ormoc,11.0106,124.6075,Leyte,"Eastern Visayas (Region VIII)"
Meycauayan,14.73,120.95,Bulacan,"Central Luzon (Region III)"
"Santo Tomas",14.08,121.18,Batangas,"CALABARZON (Region IV-A)"
Valencia,7.9042,125.0928,Bukidnon,"Northern Mindanao (Region X)"
"Trece Martires City",14.28,120.87,Cavite,"CALABARZON (Region IV-A)"
Pagadian,7.8272,123.4364,"Zamboanga del Sur","Zamboanga Peninsula (Region IX)"
"Legazpi City",13.13,123.73,Albay,"Bicol Region (Region V)"
Panabo,7.3,125.68,"Davao del Norte","Davao Region (Region XI)"
Toledo,10.38,123.65,Cebu,"Central Visayas (Region VII)"
"Marawi City",8.0031,124.285,"Lanao del Sur","Bangsamoro Autonomous Region in Muslim Mindanao (BARMM)"
"San Carlos City",15.9281,120.3489,Pangasinan,"Ilocos Region (Region I)"
"Santa Ana",14.58,121.012,"Metro Manila",NCR
Kabankalan,9.98,122.82,"Negros Occidental","Western Visayas (Region VI)"
Koronadal,6.5,124.85,"South Cotabato","SOCCSKSARGEN (Region XII)"
Tanauan,14.08,121.15,Batangas,"CALABARZON (Region IV-A)"
Bago,10.5388,122.8384,"Negros Occidental","Western Visayas (Region VI)"
Malaybalay,8.1564,125.1333,Bukidnon,"Northern Mindanao (Region X)"
Digos,6.75,125.35,"Davao del Sur","Davao Region (Region XI)"
"Calbayog City",12.07,124.6,Samar,"Eastern Visayas (Region VIII)"
Sorsogon,12.9742,124.0058,Sorsogon,"Bicol Region (Region V)"
"Roxas City",11.5894,122.7511,Capiz,"Western Visayas (Region VI)"
"Dagupan City",16.043,120.334,Pangasinan,"Ilocos Region (Region I)"
Lubao,14.93,120.6,Pampanga,"Central Luzon (Region III)"
Mexico,15.07,120.72,Pampanga,"Central Luzon (Region III)"
Polomolok,6.22,125.07,"South Cotabato","SOCCSKSARGEN (Region XII)"
"General Mariano Alvarez",14.3,121,Cavite,"IV-A (CALABARZON)"
"San Miguel",15.1458,120.9783,Bulacan,"Central Luzon (Region III)"
Surigao,9.7897,125.4958,"Surigao del Norte","Caraga Region (Region XIII)"
Concepcion,15.3249,120.6554,Tarlac,"Central Luzon (Region III)"
Baliuag,14.954,120.901,Bulacan,"Central Luzon (Region III)"
Tuguegarao,17.6133,121.7303,Cagayan,"Cagayan Valley (Region II)"
Sariaya,13.97,121.53,Quezon,"CALABARZON (Region IV-A)"
Naic,14.32,120.77,Cavite,"CALABARZON (Region IV-A)"
Kidapawan,7.0083,125.0894,Cotabato,"SOCCSKSARGEN (Region XII)"
Cadiz,10.95,123.3,"Negros Occidental","Western Visayas (Region VI)"
Ilagan,17.1489,121.8894,Isabela,"Cagayan Valley (Region II)"
Danao,10.53,123.93,Cebu,"Central Visayas (Region VII)"
Capas,15.3372,120.59,Tarlac,"Central Luzon (Region III)"
Pandi,14.87,120.95,Bulacan,"Central Luzon (Region III)"
"San Jose",12.3528,121.0676,"Occidental Mindoro","MIMAROPA (Region IV-B)"
Poblacion,10.42,123.97,"Metro Manila",NCR
Minglanilla,10.245,123.7964,Cebu,"Central Visayas (Region VII)"
"San Jose",15.8037,120.9991,"Nueva Ecija","Central Luzon (Region III)"
Mariveles,14.43,120.48,Bataan,"Central Luzon (Region III)"
Sagay,10.9,123.42,"Negros Occidental","Western Visayas (Region VI)"
Santiago,16.68,121.55,Isabela,"Cagayan Valley (Region II)"
Consolacion,10.4,123.95,Cebu,"Central Visayas (Region VII)"
Mati,6.9483,126.2272,"Davao Oriental","Davao Region (Region XI)"
Calapan,13.414,121.18,"Oriental Mindoro","MIMAROPA (Region IV-B)"
Calapan,13.414,121.18,"Oriental Mindoro","MIMAROPA (Region IV-B)"
Arayat,15.1493,120.7692,Pampanga,"Central Luzon (Region III)"
Urdaneta,15.9761,120.5711,Pangasinan,"Ilocos Region (Region I)"
Calabayan,16.77,121.78,Isabela,"Cagayan Valley (Region II)"
Malasiqui,15.92,120.42,Pangasinan,"Ilocos Region (Region I)"
Bocaue,14.8,120.93,Bulacan,"Central Luzon (Region III)"
Tabaco,13.35,123.73,Albay,"Bicol Region (Region V)"
Porac,15.0719,120.5419,Pampanga,"Central Luzon (Region III)"
"Ozamiz City",8.15,123.85,"Misamis Occidental","Northern Mindanao (Region X)"
Payatas,14.7099,121.0997,"Metro Manila",NCR
Tanay,14.4972,121.2864,Rizal,"Calabarzon (Region IV-A)"
Dipolog,8.5872,123.3408,"Zamboanga del Norte","Zamboanga Peninsula (Region IX)"
Candelaria,13.9311,121.4233,Quezon,"Calabarzon (Region IV-A)"
"La Trinidad",16.46,120.59,Benguet,"Cordillera Administrative Region (CAR)"
Jolo,6,121,Sulu,"Bangsamoro Autonomous Region in Muslim Mindanao (BARMM)"
Gingoog,8.82,125.1,"Misamis Oriental","Northern Mindanao (Region X)"
Nasugbu,14.07,120.63,Batangas,"Calabarzon (Region IV-A)"
Carcar,10.12,123.63,Cebu,"Central Visayas (Region VII)"
Norzagaray,14.92,121.05,Bulacan,"Central Luzon (Region III)"
Floridablanca,14.974,120.528,Pampanga,"Central Luzon (Region III)"
"Dumaguete City",9.3103,123.3081,"Negros Oriental","Central Visayas (Region VII)"
Daraga,13.1619,123.6939,Albay,"Bicol Region (Region V)"
"San Andres",14.5739,121.0039,"Metro Manila",NCR
Hagonoy,14.83,120.73,Bulacan,"Central Luzon (Region III)"
Naga,10.22,123.75,Cebu,"Central Visayas (Region VII)"
"San Carlos",10.4929,123.4095,"Negros Occidental","Western Visayas (Region VI)"
Talavera,15.5839,120.9189,"Nueva Ecija","Central Luzon (Region III)"
Angono,14.5234,121.1536,Rizal,"Calabarzon (Region IV-A)"
Silay,10.8,122.97,"Negros Occidental","Western Visayas (Region VI)"
"City of Isabela",6.7,121.97,Basilan,"Bangsamoro Autonomous Region in Muslim Mindanao (BARMM)"
Bamban,15.2742,120.5669,Tarlac,"Central Luzon (Region III)"
Guagua,14.97,120.63,Pampanga,"Central Luzon (Region III)"
"Santo Tomas",7.53,125.62,"Davao del Norte","Davao Region (Region XI)"
Rosario,13.846,121.206,Cavite,"IV-A (CALABARZON)"
Guimba,15.6606,120.765,"Nueva Ecija","Central Luzon (Region III)"
"Santa Cruz",14.5998,120.9802,"Metro Manila",NCR
"San Juan",14.604,121.03,"Metro Manila",NCR
"San Fernando",16.62,120.32,"La Union","Ilocos Region (Region I)"
Magalang,15.22,120.67,Pampanga,"Central Luzon (Region III)"
"Santa Cruz",14.28,121.42,Laguna,"CALABARZON (Region IV-A)"
Gapan,15.3122,120.9489,"Nueva Ecija","Central Luzon (Region III)"
Bayawan,9.37,122.8,"Negros Oriental","Central Visayas (Region VII)"
Tabuk,17.4069,121.4425,Kalinga,"Cordillera Administrative Region (CAR)"
Poblacion,14.3854,121.029,"Metro Manila","NCR (National Capital Region)"
Candaba,15.0933,120.8283,Pampanga,"Central Luzon (Region III)"
Calumpit,14.92,120.77,Bulacan,"Central Luzon (Region III)"
Dinalupihan,14.88,120.47,Bataan,"Central Luzon (Region III)"
Malita,6.4108,125.6144,"Davao Occidental","Davao Region (Region XI)"
Ligao,13.22,123.52,Albay,"Bicol Region (Region V)"
Midsayap,7.19,124.53,Cotabato,"SOCCSKSARGEN (Region XII)"
Apalit,14.9496,120.7587,Pampanga,"Central Luzon (Region III)"
Samal,7.05,125.73,"Davao del Norte","Davao Region (Region XI)"
"Datu Odin Sinsuat",7.1889,124.1839,Maguindanao,"Bangsamoro Autonomous Region in Muslim Mindanao (BARMM)"
Himamaylan,10.1,122.87,"Negros Occidental","Western Visayas (Region VI)"
Bongao,5.0292,119.7731,Tawi-Tawi,"Autonomous Region in Muslim Mindanao (ARMM)"
"San Ildefonso",15.0789,120.9419,Bulacan,"Central Luzon (Region III)"
"Los Banos",14.17,121.22,Laguna,"CALABARZON (Region IV-A)"
"Iriga City",13.4231,123.4122,"Camarines Sur","Bicol Region (Region V)"
Plaridel,14.8869,120.8569,Bulacan,"Central Luzon (Region III)"
"San Juan",13.826,121.396,"Metro Manila","NCR (National Capital Region)"
Guiguinto,14.83,120.88,Bulacan,"Central Luzon (Region III)"
"Manolo Fortich",8.3675,124.8656,Bukidnon,"Northern Mindanao (Region X)"
Mangaldan,16.07,120.4039,Pangasinan,"Ilocos Region (Region I)"
Libmanan,13.6964,123.06,"Camarines Sur","Bicol Region (Region V)"
Tayabas,14.02,121.58,Quezon,"CALABARZON (Region IV-A)"
Subic,14.8769,120.2328,Zambales,"Central Luzon (Region III)"
Baybay,10.68,124.8,Leyte,"Eastern Visayas (Region VIII)"
Daet,14.1142,122.9564,"Camarines Norte","Bicol Region (Region V)"
Laoag,18.1978,120.5936,"Ilocos Norte","Ilocos Region (Region I)"
Santamesa,14.6,121.0167,"Metro Manila","NCR (National Capital Region)"
Rosario,14.42,120.85,Cavite,"IV-A (CALABARZON)"
Quezon,7.7306,125.1,"Unknown Province","Unknown Region"
Naujan,13.3233,121.3028,"Unknown Province","Unknown Region"
Glan,5.82,125.2,"Unknown Province","Unknown Region"
Bayugan,8.71,125.75,"Unknown Province","Unknown Region"
Tacurong,6.68,124.67,"Unknown Province","Unknown Region"
Labo,14.1561,122.8294,"Unknown Province","Unknown Region"
Talisay,10.73,122.97,"Unknown Province","Unknown Region"
Pulilan,14.902,120.849,"Unknown Province","Unknown Region"
Cawayan,9.97,122.62,"Unknown Province","Unknown Region"
Maramag,7.7631,125.005,"Unknown Province","Unknown Region"
Lingayen,16.0167,120.2333,"Unknown Province","Unknown Region"
Kawit,14.43,120.9,"Unknown Province","Unknown Region"
"Bagong Silangan",14.7094,121.1,"Metro Manila",NCR
Catbalogan,11.78,124.88,"Unknown Province","Unknown Region"
Tiaong,13.95,121.32,"Unknown Province","Unknown Region"
Carmona,14.32,121.05,"Unknown Province","Unknown Region"
Malungun,6.27,125.28,"Unknown Province","Unknown Region"
Bulan,12.6697,123.8758,"Unknown Province","Unknown Region"
"Sultan Kudarat",7.23,124.25,"Unknown Province","Unknown Region"
"Tagbilaran City",9.65,123.85,"Unknown Province","Unknown Region"
Masbate,12.27,123.58,"Unknown Province","Unknown Region"
Balanga,14.68,120.53,"Unknown Province","Unknown Region"
Sindangan,8.2386,122.9986,"Unknown Province","Unknown Region"
"San Rafael",14.95,120.97,"Unknown Province","Unknown Region"
Paniqui,15.6681,120.5789,"Unknown Province","Unknown Region"
Parang,7.3744,124.2686,"Unknown Province","Unknown Region"
Guihulngan,10.12,123.27,"Unknown Province","Unknown Region"
"Santa Cruz",6.83,125.42,"Metro Manila",NCR
"Cavite City",14.48,120.9,"Unknown Province","Unknown Region"
Calasiao,16.02,120.37,"Unknown Province","Unknown Region"
Lamitan,6.65,122.13,"Unknown Province","Unknown Region"
Talipao,5.976,121.1087,"Unknown Province","Unknown Region"
Putatan,14.3984,121.0364,"Metro Manila",NCR
Alaminos,16.1553,119.9808,"Unknown Province","Unknown Region"
Bislig,8.2133,126.3161,"Unknown Province","Unknown Region"
Malate,14.5642,120.9913,"Metro Manila",NCR
Pili,13.5542,123.2753,"Unknown Province","Unknown Region"
Oton,10.6931,122.4736,"Unknown Province","Unknown Region"
M'lang,6.95,124.88,"Unknown Province","Unknown Region"
Catarman,12.4994,124.6328,"Unknown Province","Unknown Region"
Isulan,6.63,124.6,"Unknown Province","Unknown Region"
Escalante,10.83,123.5,"Unknown Province","Unknown Region"
Balayan,13.93,120.73,"Unknown Province","Unknown Region"
Balamban,10.47,123.78,"Unknown Province","Unknown Region"
Lopez,13.884,122.2604,"Unknown Province","Unknown Region"
Gerona,15.6069,120.5986,"Unknown Province","Unknown Region"
Monkayo,7.8239,126.0536,"Unknown Province","Unknown Region"
Daanbantayan,11.25,124,"Unknown Province","Unknown Region"
Lemery,13.92,120.88,"Unknown Province","Unknown Region"
Indanan,6,120.97,"Unknown Province","Unknown Region"
Palimbang,6.22,124.2,"Unknown Province","Unknown Region"
Sablayan,12.8428,120.775,"Unknown Province","Unknown Region"
"Santa Barbara",16.0031,120.4008,"Unknown Province","Unknown Region"
Salaman,6.63,124.07,"Unknown Province","Unknown Region"
Bauan,13.7917,121.0085,"Unknown Province","Unknown Region"
Pantukan,7.1269,125.8975,"Unknown Province","Unknown Region"
Pongotan,7.1269,125.8975,"Unknown Province","Unknown Region"
Pinamalayan,13.0364,121.4889,"Unknown Province","Unknown Region"
Victorias,10.9,123.08,"Unknown Province","Unknown Region"
Compostela,7.67,126.08,"Unknown Province","Unknown Region"
Ipil,7.7822,122.5867,"Unknown Province","Unknown Region"
Surallah,6.37,124.73,"Unknown Province","Unknown Region"
Polangui,13.2922,123.4856,"Unknown Province","Unknown Region"
Banga,6.3,124.78,"Unknown Province","Unknown Region"
Kalibo,11.7072,122.37,"Unknown Province","Unknown Region"
Hinigaran,10.27,122.85,"Unknown Province","Unknown Region"
Calabanga,13.7089,123.2161,"Unknown Province","Unknown Region"
Passi,11.1,122.63,"Unknown Province","Unknown Region"
Murcia,10.6,123.03,"Unknown Province","Unknown Region"
Bogo,11.02,124,"Unknown Province","Unknown Region"
Solana,17.6522,121.6914,"Unknown Province","Unknown Region"
Echague,16.7056,121.6761,"Unknown Province","Unknown Region"
Aroroy,12.5125,123.3989,"Unknown Province","Unknown Region"
Prosperidad,8.61,125.92,"Unknown Province","Unknown Region"
Alabel,6.1023,125.2868,"Unknown Province","Unknown Region"
Makilala,6.97,125.08,"Unknown Province","Unknown Region"
Baggao,17.9347,121.7733,"Unknown Province","Unknown Region"
Calauan,14.15,121.32,"Unknown Province","Unknown Region"
Baras,14.52,121.27,"Unknown Province","Unknown Region"
"Western Bicutan",14.5094,121.0381,"Metro Manila",NCR
Maasin,10.13,124.85,"Unknown Province","Unknown Region"
"San Fabian",16.15,120.45,"Unknown Province","Unknown Region"
Calaca,13.93,120.8131,"Unknown Province","Unknown Region"
Camiling,15.6867,120.4131,"Unknown Province","Unknown Region"
Binmaley,16.0323,120.269,"Unknown Province","Unknown Region"
Nabua,13.4083,123.375,"Unknown Province","Unknown Region"
Bantayan,11.2,123.73,"Unknown Province","Unknown Region"
Cabiao,15.2522,120.8575,"Unknown Province","Unknown Region"
Guinobatan,13.18,123.6,"Unknown Province","Unknown Region"
Batarasa,8.67,117.62,"Unknown Province","Unknown Region"
Tagaytay,14.1,120.93,"Unknown Province","Unknown Region"
Dapitan,8.6549,123.4243,"Unknown Province","Unknown Region"
Pandacan,14.594,121.007,"Metro Manila",NCR
Nabunturan,7.6008,125.9656,"Unknown Province","Unknown Region"
Bais,9.5907,123.1213,"Unknown Province","Unknown Region"
"Science City of Munoz",15.7153,120.9039,"Unknown Province","Unknown Region"
Bolinao,16.3881,119.8947,"Unknown Province","Unknown Region"
Taytay,10.82,119.52,"Unknown Province","Unknown Region"
Maco,7.3619,125.8553,"Unknown Province","Unknown Region"
Siaton,9.07,123.03,"Unknown Province","Unknown Region"
"San Antonio",15.3078,120.8533,"Metro Manila",NCR
Mabinay,9.73,122.92,"Unknown Province","Unknown Region"
Tanjay,9.52,123.16,"Unknown Province","Unknown Region"
Calatrava,10.6,123.48,"Unknown Province","Unknown Region"
Carmen,7.3606,125.7064,"Unknown Province","Unknown Region"
Ubay,10.056,124.4729,"Unknown Province","Unknown Region"
"Banco Filipino International Village",14.4499,120.9996,"Metro Manila",NCR
Siasi,5.5462,120.8145,"Unknown Province","Unknown Region"
Matalam,7.08,124.9,"Unknown Province","Unknown Region"
Buhi,13.4347,123.5167,"Unknown Province","Unknown Region"
Lambunao,11.05,122.48,"Unknown Province","Unknown Region"
Bulacan,14.7928,120.8789,"Unknown Province","Unknown Region"
Kapalong,7.5854,125.7052,"Unknown Province","Unknown Region"
"San Francisco",8.51,125.98,"Unknown Province","Unknown Region"
Malapatan,5.97,125.28,"Unknown Province","Unknown Region"
Barili,10.12,123.53,"Unknown Province","Unknown Region"
Cabadbaran,9.12,125.53,"Unknown Province","Unknown Region"
Tagoloan,8.53,124.75,"Unknown Province","Unknown Region"
"San Jose",13.8772,121.105,"Unknown Province","Unknown Region"
Paco,14.583,120.983,"Metro Manila",NCR
Poblacion,6.8,124.63,"Metro Manila",NCR
Patikul,6.07,121.1,"Unknown Province","Unknown Region"
Robles,10.35,123.07,"Unknown Province","Unknown Region"
"San Isidro",14.4685,121.0118,"Metro Manila",NCR
Mangatarem,15.7874,120.2921,"Unknown Province","Unknown Region"
Jaen,15.3392,120.9069,"Unknown Province","Unknown Region"
Carmen,7.2,124.78,"Unknown Province","Unknown Region"
Pagbilao,13.972,121.687,"Unknown Province","Unknown Region"
Bauang,16.53,120.33,"Unknown Province","Unknown Region"
Pototan,10.95,122.63,"Unknown Province","Unknown Region"
Limay,14.5619,120.5983,"Unknown Province","Unknown Region"
Bamban,15.2742,120.5669,"Unknown Province","Unknown Region"
Argao,9.88,123.6,"Unknown Province","Unknown Region"
Macabebe,14.9081,120.7156,"Unknown Province","Unknown Region"
Narra,9.28,118.42,"Unknown Province","Unknown Region"
"Santa Catalina",9.3331,122.8658,"Unknown Province","Unknown Region"
Hermosa,14.83,120.5,"Unknown Province","Unknown Region"
Bustos,14.95,120.92,"Unknown Province","Unknown Region"
Kabacan,7.12,124.82,"Unknown Province","Unknown Region"
Umingan,15.9289,120.8419,"Unknown Province","Unknown Region"
Talakag,8.2319,124.6025,"Unknown Province","Unknown Region"
Balagtas,14.8145,120.9085,"Unknown Province","Unknown Region"
Bongabong,12.7469,121.4881,"Unknown Province","Unknown Region"
Virac,13.58,124.23,"Unknown Province","Unknown Region"
Palo,11.1583,124.9917,"Unknown Province","Unknown Region"
Infanta,14.7425,121.6494,"Unknown Province","Unknown Region"
Manaoag,16.0439,120.4856,"Unknown Province","Unknown Region"
Pilar,12.9244,123.6756,"Unknown Province","Unknown Region"
"Santa Rosa",15.4239,120.9389,"Unknown Province","Unknown Region"
Pinamungahan,10.27,123.58,"Unknown Province","Unknown Region"
Libon,13.3,123.4333,"Unknown Province","Unknown Region"
Bugallon,15.92,120.18,"Unknown Province","Unknown Region"
Pozorrubio,16.12,120.55,"Unknown Province","Unknown Region"
Esperanza,6.7167,124.5167,"Unknown Province","Unknown Region"
Dalaguete,9.7612,123.5349,"Unknown Province","Unknown Region"
Balingasag,8.75,124.78,"Unknown Province","Unknown Region"
"Brookes Point",8.78,117.83,"Unknown Province","Unknown Region"
Dumangas,10.83,122.72,"Unknown Province","Unknown Region"
Alicia,16.7787,121.6972,"Unknown Province","Unknown Region"
Tupi,6.33,124.95,"Unknown Province","Unknown Region"
Lala,7.97,123.75,"Unknown Province","Unknown Region"
"Jose Abad Santos",5.92,125.65,"Unknown Province","Unknown Region"
Bula,13.4694,123.2775,"Unknown Province","Unknown Region"
Catanauan,13.5917,122.325,"Unknown Province","Unknown Region"
Carles,11.57,123.13,"Unknown Province","Unknown Region"
"San Dionisio",14.4839,120.9925,"Unknown Province","Unknown Region"
Bacacay,13.2925,123.7917,"Unknown Province","Unknown Region"
Sipalay,9.75,122.4,"Unknown Province","Unknown Region"
Oroquieta,8.48,123.8,"Unknown Province","Unknown Region"
"San Fernando",10.17,123.7,"Unknown Province","Unknown Region"
Camalig,13.13,123.67,"Unknown Province","Unknown Region"
Borongan,11.6094,125.4361,"Unknown Province","Unknown Region"
Gumaca,13.921,122.1002,"Unknown Province","Unknown Region"
Calauag,13.9575,122.2875,"Unknown Province","Unknown Region"
Pililla,14.48,121.3,"Unknown Province","Unknown Region"
Parang,5.92,120.92,"Unknown Province","Unknown Region"
Binalbagan,10.2,122.87,"Unknown Province","Unknown Region"
Goa,13.6983,123.4889,"Unknown Province","Unknown Region"
Talibon,10.12,124.28,"Unknown Province","Unknown Region"
Morong,14.5119,121.2389,"Unknown Province","Unknown Region"
Mauban,14.1911,121.7308,"Unknown Province","Unknown Region"
Alabang,14.4184,121.0385,"Unknown Province","Unknown Region"
Tumauini,17.27,121.8,"Unknown Province","Unknown Region"
Poblacion,10.25,123.95,"Metro Manila",NCR
Pavia,10.775,122.5417,"Unknown Province","Unknown Region"
Aliaga,15.5036,120.845,"Unknown Province","Unknown Region"
Orani,14.8,120.53,"Unknown Province","Unknown Region"
Rizal,15.71,121.1047,"Unknown Province","Unknown Region"
Tinambac,13.8183,123.3244,"Unknown Province","Unknown Region"
"San Antonio",14.4656,121.0311,"Metro Manila",NCR
Roxas,10.3197,119.3408,"Unknown Province","Unknown Region"
Victoria,15.5781,120.6819,"Unknown Province","Unknown Region"
"Don Carlos",7.6808,124.9953,"Unknown Province","Unknown Region"
Cawayan,11.9303,123.7689,"Unknown Province","Unknown Region"
"San Pascual",13.8,121.03,"Unknown Province","Unknown Region"
"La Paz",15.4431,120.7289,"Unknown Province","Unknown Region"
Bagumbayan,6.5339,124.5633,"Metro Manila",NCR
Buenavista,8.97,125.41,"Unknown Province","Unknown Region"
Aparri,18.3575,121.6372,"Unknown Province","Unknown Region"
Indang,14.2,120.88,"Unknown Province","Unknown Region"
Alamada,7.3868,124.5534,"Unknown Province","Unknown Region"
"San Leonardo",15.3611,120.9622,"Unknown Province","Unknown Region"
Mamungan,8.12,124.22,"Unknown Province","Unknown Region"
Tangub,8.0667,123.75,"Unknown Province","Unknown Region"
Sipocot,13.7675,122.9783,"Unknown Province","Unknown Region"
Tuburan,10.73,123.83,"Unknown Province","Unknown Region"
Miagao,10.6442,122.2352,"Unknown Province","Unknown Region"
Cuyapo,15.7778,120.6608,"Unknown Province","Unknown Region"
Castillejos,14.93,120.2,"Unknown Province","Unknown Region"
Bayombong,16.48,121.15,"Unknown Province","Unknown Region"
"Santa Barbara",10.8231,122.5344,"Unknown Province","Unknown Region"
Bay,14.18,121.28,"Unknown Province","Unknown Region"
Pikit,7.05,124.67,"Unknown Province","Unknown Region"
Lupon,6.8969,126.0117,"Unknown Province","Unknown Region"
Bongabon,15.6321,121.1448,"Unknown Province","Unknown Region"
Janiuay,10.95,122.5,"Unknown Province","Unknown Region"
Botolan,15.2896,120.0245,"Unknown Province","Unknown Region"
Rosales,15.8944,120.6328,"Unknown Province","Unknown Region"
"La Carlota",10.42,122.92,"Unknown Province","Unknown Region"
"San Mateo",16.88,121.58,"Unknown Province","Unknown Region"
Opol,8.52,124.57,"Unknown Province","Unknown Region"
Oas,13.2589,123.4953,"Unknown Province","Unknown Region"
Agoo,16.322,120.3647,"Unknown Province","Unknown Region"
Lantapan,8,125.0233,"Unknown Province","Unknown Region"
Coron,12,120.2,"Unknown Province","Unknown Region"
Roxas,17.12,121.62,"Unknown Province","Unknown Region"
Kiamba,5.98,124.62,"Unknown Province","Unknown Region"
"San Remigio",11,123.95,"Unknown Province","Unknown Region"
Lutayan,6.6,124.85,"Unknown Province","Unknown Region"
Angat,14.9281,121.0293,"Unknown Province","Unknown Region"
Solano,16.5183,121.1811,"Unknown Province","Unknown Region"
Quezon,9.235,117.9967,"Unknown Province","Unknown Region"
Tigbauan,10.6747,122.3776,"Unknown Province","Unknown Region"
Pateros,14.5448,121.0671,"Metro Manila",NCR
"San Jose",10.7433,121.9411,"Unknown Province","Unknown Region"
Villasis,15.9,120.58,"Unknown Province","Unknown Region"
Maasin,5.87,125,"Unknown Province","Unknown Region"
Nagcarlan,14.1364,121.4165,"Unknown Province","Unknown Region"
Isabela,10.2,122.98,"Unknown Province","Unknown Region"
Hilongos,10.37,124.75,"Unknown Province","Unknown Region"
Malvar,14.0417,121.1583,"Unknown Province","Unknown Region"
Sibulan,9.35,123.28,"Unknown Province","Unknown Region"
Saravia,10.88,122.97,"Unknown Province","Unknown Region"
Atimonan,14.0036,121.9199,"Unknown Province","Unknown Region"
Teresa,14.5586,121.2083,"Unknown Province","Unknown Region"
Tuao,17.735,121.4553,"Unknown Province","Unknown Region"
"Santa Cruz",15.77,119.92,"Metro Manila",NCR
Sibalom,10.7883,122.0175,"Unknown Province","Unknown Region"
"Jose Panganiban",14.2922,122.6928,"Unknown Province","Unknown Region"
"San Fernando",7.9178,125.3286,"Unknown Province","Unknown Region"
Calinog,11.13,122.5,"Unknown Province","Unknown Region"
Moncada,15.7331,120.5725,"Unknown Province","Unknown Region"
Bansalan,6.78,125.22,"Unknown Province","Unknown Region"
Tandag,9.0789,126.1986,"Unknown Province","Unknown Region"
Kapatagan,7.9,123.77,"Unknown Province","Unknown Region"
Aurora,13.35,122.52,"Unknown Province","Unknown Region"
Cambanugoy,7.5386,125.7508,"Unknown Province","Unknown Region"
"Santa Ana",15.0939,120.7681,"Metro Manila",NCR
Itogon,16.37,120.67,"Unknown Province","Unknown Region"
Baao,13.4535,123.3654,"Unknown Province","Unknown Region"
Taal,13.88,120.93,"Unknown Province","Unknown Region"
Candon,17.1958,120.4489,"Unknown Province","Unknown Region"
Tunasan,14.3725,121.0364,"Unknown Province","Unknown Region"
Abuyog,10.7458,125.0122,"Unknown Province","Unknown Region"
Cabatuan,10.88,122.48,"Unknown Province","Unknown Region"
"Santo Domingo",15.59,120.8786,"Unknown Province","Unknown Region"
Tulunan,6.83,124.88,"Unknown Province","Unknown Region"
Jinoba-an,9.6018,122.4668,"Unknown Province","Unknown Region"
Orion,14.6206,120.5817,"Unknown Province","Unknown Region"
Castilla,12.9553,123.8764,"Unknown Province","Unknown Region"
Laoang,12.57,125.02,"Unknown Province","Unknown Region"
Tigaon,13.6319,123.4975,"Unknown Province","Unknown Region"
Matanao,6.75,125.23,"Unknown Province","Unknown Region"
Gubat,12.9189,124.1231,"Unknown Province","Unknown Region"
Rosario,16.23,120.48,Cavite,"IV-A (CALABARZON)"
Paracale,14.2797,122.7869,"Unknown Province","Unknown Region"
"San Mariano",16.98,122.02,"Unknown Province","Unknown Region"
Malay,11.8997,121.9094,"Unknown Province","Unknown Region"
Obando,14.7083,120.9375,"Unknown Province","Unknown Region"
Sigaboy,6.6536,126.0717,"Unknown Province","Unknown Region"
Ilog,10.03,122.77,"Unknown Province","Unknown Region"
Ragay,13.8217,122.7897,"Unknown Province","Unknown Region"
Kananya,11.1856,124.5597,"Unknown Province","Unknown Region"
Medellin,11.1286,123.9622,"Unknown Province","Unknown Region"
Maimbung,5.93,121.03,"Unknown Province","Unknown Region"
Esperanza,8.68,125.65,"Unknown Province","Unknown Region"
Alfonso,14.1379,120.8552,"Unknown Province","Unknown Region"
Irosin,12.705,124.0319,"Unknown Province","Unknown Region"
"San Francisco",10.65,124.35,"Unknown Province","Unknown Region"
"San Simon",14.998,120.78,"Unknown Province","Unknown Region"
Mansalay,12.5204,121.4385,"Unknown Province","Unknown Region"
Upi,7.0106,124.1629,"Unknown Province","Unknown Region"
Gattaran,18.0611,121.6453,"Unknown Province","Unknown Region"
Roxas,12.58,121.5,"Unknown Province","Unknown Region"
Canlaon,10.38,123.2,"Unknown Province","Unknown Region"
"El Salvador",8.57,124.52,"Unknown Province","Unknown Region"
Calatagan,13.8322,120.6322,"Unknown Province","Unknown Region"
Baganga,7.5752,126.5585,"Unknown Province","Unknown Region"
"San Luis",15.04,120.7919,"Unknown Province","Unknown Region"
Ibaan,13.8176,121.133,"Unknown Province","Unknown Region"
Palompon,11.05,124.38,"Unknown Province","Unknown Region"
Naval,11.58,124.45,"Unknown Province","Unknown Region"
"Barotac Nuevo",10.9,122.7,"Unknown Province","Unknown Region"
Masantol,14.9,120.72,"Unknown Province","Unknown Region"
"New Corella",7.5866,125.8237,"Unknown Province","Unknown Region"
Cogan,10.58,123.97,"Unknown Province","Unknown Region"
Dumanjog,10.05,123.48,"Unknown Province","Unknown Region"
Asingan,16.0023,120.6695,"Unknown Province","Unknown Region"
Milagros,12.2192,123.5089,"Unknown Province","Unknown Region"
"Santa Maria",6.55,125.47,"Unknown Province","Unknown Region"
Tanauan,11.12,125.02,"Unknown Province","Unknown Region"
Buluan,6.7154,124.7854,"Unknown Province","Unknown Region"
Boac,13.45,121.83,"Unknown Province","Unknown Region"
Cupang,14.4315,121.0486,"Unknown Province","Unknown Region"
Alangalang,11.2061,124.8478,"Unknown Province","Unknown Region"
Uson,12.2253,123.7834,"Unknown Province","Unknown Region"
Jasaan,8.65,124.75,"Unknown Province","Unknown Region"
Hagonoy,6.68,125.3,"Unknown Province","Unknown Region"
Pinagkaisahan,14.5229,121.0555,"Unknown Province","Unknown Region"
Lagonoy,13.7353,123.5208,"Unknown Province","Unknown Region"
Basey,11.2817,125.0683,"Unknown Province","Unknown Region"
Pangantocan,7.8331,124.8294,"Unknown Province","Unknown Region"
Ramon,16.78,121.53,"Unknown Province","Unknown Region"
Tiwi,13.4585,123.6805,"Unknown Province","Unknown Region"
Binalonan,16.05,120.6,"Unknown Province","Unknown Region"
Sucat,14.46,121.05,"Metro Manila",NCR
Placer,11.8689,123.9167,"Unknown Province","Unknown Region"
Lian,14.03,120.65,"Unknown Province","Unknown Region"
Libungan,7.25,124.52,"Unknown Province","Unknown Region"
Magsaysay,6.77,125.18,"Unknown Province","Unknown Region"
Diffun,16.5936,121.5025,"Unknown Province","Unknown Region"
"Lower Bicutan",14.5033,121.0642,"Metro Manila",NCR
"General Tinio",15.35,121.05,"Unknown Province","Unknown Region"
Poblacion,10.47,123.97,"Metro Manila",NCR
Bambang,16.3872,121.1075,"Unknown Province","Unknown Region"
Paombong,14.8311,120.7892,"Unknown Province","Unknown Region"
Iba,15.33,119.98,"Unknown Province","Unknown Region"
Mulanay,13.5222,122.4042,"Unknown Province","Unknown Region"
Urbiztondo,15.8227,120.3295,"Unknown Province","Unknown Region"
Batac,18.0554,120.5649,"Unknown Province","Unknown Region"
Tatalon,14.6242,121.0153,"Metro Manila",NCR
Asturias,10.5679,123.7172,"Unknown Province","Unknown Region"
Mercedes,14.1093,123.0109,"Unknown Province","Unknown Region"
Manapla,10.958,123.123,"Unknown Province","Unknown Region"
"Santa Cruz",13.48,122.03,"Metro Manila",NCR
Carigara,11.3,124.68,"Unknown Province","Unknown Region"
Sara,11.25,123.02,"Unknown Province","Unknown Region"
Pila,14.23,121.37,"Unknown Province","Unknown Region"
Masinloc,15.53,119.95,"Unknown Province","Unknown Region"
Pontevedra,10.37,122.88,"Unknown Province","Unknown Region"
Trento,8.05,126.06,"Unknown Province","Unknown Region"
Tapas,11.2622,122.5369,"Unknown Province","Unknown Region"
"San Isidro",15.3097,120.9069,"Metro Manila",NCR
"San Manuel",16.0656,120.6667,"Unknown Province","Unknown Region"
"Don Bosco",14.4817,121.0258,"Metro Manila",NCR
Tagkawayan,13.97,122.53,"Unknown Province","Unknown Region"
Titay,7.8703,122.5594,"Unknown Province","Unknown Region"
Minalabac,13.57,123.1844,"Unknown Province","Unknown Region"
Vigan,17.5747,120.3869,"Unknown Province","Unknown Region"
Cabagan,17.43,121.77,"Unknown Province","Unknown Region"
Impasugong,8.3028,125.0014,"Unknown Province","Unknown Region"
Magpet,7.12,125.12,"Unknown Province","Unknown Region"
Kitaotao,7.6406,125.0086,"Unknown Province","Unknown Region"
Ajuy,11.1725,123.0196,"Unknown Province","Unknown Region"
Pasacao,13.5103,123.0419,"Unknown Province","Unknown Region"
Sibonga,10.03,123.57,"Unknown Province","Unknown Region"
Guiuan,11.03,125.73,"Unknown Province","Unknown Region"
Estancia,11.45,123.15,"Unknown Province","Unknown Region"
Barobo,8.5292,126.1217,"Unknown Province","Unknown Region"
Molave,8.0933,123.485,"Unknown Province","Unknown Region"
Lucban,14.1133,121.5569,"Unknown Province","Unknown Region"
Zaragoza,15.4492,120.7933,"Unknown Province","Unknown Region"
Aurora,7.9484,123.5819,"Unknown Province","Unknown Region"
Buenavista,10.7,122.63,"Unknown Province","Unknown Region"
Pigcawayan,7.28,124.43,"Unknown Province","Unknown Region"
Hamtic,10.7,121.98,"Unknown Province","Unknown Region"
"San Joaquin",10.6,122.08,"Unknown Province","Unknown Region"
Bani,16.1869,119.8592,"Unknown Province","Unknown Region"
"President Roxas",7.1544,125.0558,"Unknown Province","Unknown Region"
Burauen,10.9833,124.9,"Unknown Province","Unknown Region"
Dauis,9.625,123.865,"Unknown Province","Unknown Region"
Claveria,8.61,124.8947,"Unknown Province","Unknown Region"
Ibajay,11.8211,122.1617,"Unknown Province","Unknown Region"
Sison,16.17,120.52,"Unknown Province","Unknown Region"
Naguilian,16.53,120.4,"Unknown Province","Unknown Region"
Victoria,13.1719,121.2756,"Unknown Province","Unknown Region"
Bato,13.3578,123.3678,"Unknown Province","Unknown Region"
Leon,10.7808,122.3894,"Unknown Province","Unknown Region"
"Padre Garcia",13.88,121.22,"Unknown Province","Unknown Region"
Caramoan,13.7707,123.8631,"Unknown Province","Unknown Region"
"Santa Ignacia",15.62,120.43,"Unknown Province","Unknown Region"
Alaminos,14.0635,121.2451,"Unknown Province","Unknown Region"
Bantacan,7.5483,126.1381,"Unknown Province","Unknown Region"
Ocampo,13.5594,123.3761,"Unknown Province","Unknown Region"
"San Narciso",13.5677,122.5667,"Unknown Province","Unknown Region"
Kalamansig,6.57,124.05,"Unknown Province","Unknown Region"
Mabini,13.72,120.9,"Unknown Province","Unknown Region"
Cataingan,12.0028,123.9944,"Unknown Province","Unknown Region"
Gloria,12.9722,121.4778,"Unknown Province","Unknown Region"
"El Nido",11.1956,119.4075,"Unknown Province","Unknown Region"
Bangued,17.6,120.62,Abra,"Cordillera Administrative Region (CAR)"
Aringay,16.3982,120.3555,"Unknown Province","Unknown Region"
Wao,7.6404,124.7257,"Unknown Province","Unknown Region"
Amulung,17.8387,121.7235,"Unknown Province","Unknown Region"
Penablanca,17.6258,121.7853,"Unknown Province","Unknown Region"
Donsol,12.9083,123.5981,"Unknown Province","Unknown Region"
Cardona,14.4861,121.2289,"Unknown Province","Unknown Region"
Tubod,8.05,123.8,"Unknown Province","Unknown Region"
Pananaw,5.98,121.25,"Unknown Province","Unknown Region"
Pontevedra,11.48,122.83,"Unknown Province","Unknown Region"
Bignay,14.7456,120.9961,"Metro Manila",NCR
Rosario,8.38,126,Cavite,"IV-A (CALABARZON)"
Dumarao,11.2631,122.6878,"Unknown Province","Unknown Region"
Noveleta,14.43,120.88,"Unknown Province","Unknown Region"
Kiblawan,6.62,125.22,"Unknown Province","Unknown Region"
Bagumbayan,14.4744,121.0569,"Metro Manila",NCR
Odiongan,12.4,122,"Unknown Province","Unknown Region"
Carmen,9.82,124.2,"Unknown Province","Unknown Region"
Malabang,7.5903,124.0703,"Unknown Province","Unknown Region"
"Pio Duran",13.03,123.45,"Unknown Province","Unknown Region"
Vinzons,14.1739,122.9081,"Unknown Province","Unknown Region"
Dulag,10.9525,125.0317,"Unknown Province","Unknown Region"
Libona,8.3333,124.7433,"Unknown Province","Unknown Region"
Alcala,15.8468,120.5218,"Unknown Province","Unknown Region"
Panay,11.5553,122.7931,"Unknown Province","Unknown Region"
Dumingag,8.155,123.345,"Unknown Province","Unknown Region"
Lal-lo,18.2,121.6622,"Unknown Province","Unknown Region"
"Barotac Viejo",11.05,122.85,"Unknown Province","Unknown Region"
Inabanga,10.03,124.07,"Unknown Province","Unknown Region"
Siocon,7.7067,122.1361,"Unknown Province","Unknown Region"
Minalin,14.97,120.68,"Unknown Province","Unknown Region"
Tuba,16.3928,120.5603,"Unknown Province","Unknown Region"
Mahayag,8.1297,123.4383,"Unknown Province","Unknown Region"
"Santa Rita",14.9953,120.6153,"Unknown Province","Unknown Region"
Bacolor,14.9984,120.6526,"Unknown Province","Unknown Region"
Balimbing,5.0728,119.8847,"Unknown Province","Unknown Region"
"New Washington",11.6483,122.4339,"Unknown Province","Unknown Region"
Tibigan,9.95,123.97,"Unknown Province","Unknown Region"
Mamburao,13.2233,120.596,"Unknown Province","Unknown Region"
Sogod,10.38,124.98,"Unknown Province","Unknown Region"
Bunawan,8.18,125.99,"Unknown Province","Unknown Region"
Malinao,13.4,123.7,"Unknown Province","Unknown Region"
Sumisip,6.42,121.98,"Unknown Province","Unknown Region"
Albuera,10.9186,124.6923,"Unknown Province","Unknown Region"
Ayungon,9.8584,123.1468,"Unknown Province","Unknown Region"
Pilar,11.4878,122.9956,"Unknown Province","Unknown Region"
Banisilan,7.5,124.7,"Unknown Province","Unknown Region"
Kabasalan,7.7968,122.7627,"Unknown Province","Unknown Region"
Isabel,10.93,124.43,"Unknown Province","Unknown Region"
Norala,6.55,124.67,"Unknown Province","Unknown Region"
Montevista,7.7053,125.9903,"Unknown Province","Unknown Region"
Tuy,14.02,120.73,"Unknown Province","Unknown Region"
"Lower Tungawan",7.6047,122.4228,"Unknown Province","Unknown Region"
Cordon,16.67,121.45,"Unknown Province","Unknown Region"
Pagalungan,7.0592,124.6987,"Unknown Province","Unknown Region"
Pilar,14.67,120.57,"Unknown Province","Unknown Region"
Talisay,14.1,121.02,"Unknown Province","Unknown Region"
Narvacan,17.4192,120.4756,"Unknown Province","Unknown Region"
Dingle,11.05,122.67,"Unknown Province","Unknown Region"
Lupao,15.8794,120.8994,"Unknown Province","Unknown Region"
Lumba-a-Bayabao,7.88,124.38,"Unknown Province","Unknown Region"
Tantangan,6.62,124.75,"Unknown Province","Unknown Region"
Maluso,6.55,121.88,"Unknown Province","Unknown Region"
Jones,16.5583,121.7,"Unknown Province","Unknown Region"
Talagutong,6.27,125.67,"Unknown Province","Unknown Region"
"Palayan City",15.5422,121.0844,"Unknown Province","Unknown Region"
Tayug,16.0267,120.7478,"Unknown Province","Unknown Region"
Basud,14.07,122.97,"Unknown Province","Unknown Region"
Aguilar,15.8899,120.2379,"Unknown Province","Unknown Region"
Angadanan,16.7571,121.7479,"Unknown Province","Unknown Region"
"Maria Aurora",15.7967,121.4737,"Unknown Province","Unknown Region"
Buguias,16.8033,120.8211,"Unknown Province","Unknown Region"
Nasipit,8.99,125.34,"Unknown Province","Unknown Region"
Manjuyod,9.68,123.15,"Unknown Province","Unknown Region"
Katipunan,8.5134,123.2847,"Unknown Province","Unknown Region"
Concepcion,11.2,123.1,"Unknown Province","Unknown Region"
Dolores,12.0378,125.4828,"Unknown Province","Unknown Region"
"Upper Bicutan",14.4873,121.0503,"Metro Manila",NCR
Culasi,11.4272,122.056,"Unknown Province","Unknown Region"
Banaybanay,6.9664,126.0114,"Unknown Province","Unknown Region"
"San Pascual",13.1286,122.9775,"Unknown Province","Unknown Region"
Bacnotan,16.7197,120.3481,"Unknown Province","Unknown Region"
Bulalacao,12.325,121.343,"Unknown Province","Unknown Region"
"San Jacinto",16.0725,120.4411,"Unknown Province","Unknown Region"
Pagsanjan,14.27,121.45,"Unknown Province","Unknown Region"
"General Mamerto Natividad",15.603,121.051,"Unknown Province","Unknown Region"
Labangan,7.8667,123.5167,"Unknown Province","Unknown Region"
Loon,9.8,123.8,"Unknown Province","Unknown Region"
Cateel,7.79,126.4531,"Unknown Province","Unknown Region"
Maitum,6.03,124.48,"Unknown Province","Unknown Region"
"Central Signal Village",14.5106,121.0576,"Metro Manila",NCR
Mandaon,12.2259,123.2842,"Unknown Province","Unknown Region"
Guinayangan,13.9,122.45,"Unknown Province","Unknown Region"
"San Jose",13.6981,123.5186,"Unknown Province","Unknown Region"
Labason,8.0647,122.52,"Unknown Province","Unknown Region"
Loreto,8.19,125.85,"Unknown Province","Unknown Region"
Hinatuan,8.3661,126.3361,"Unknown Province","Unknown Region"
Baler,15.7583,121.5625,"Unknown Province","Unknown Region"
Jaro,11.1894,124.7853,"Unknown Province","Unknown Region"
Badian,9.8694,123.3959,"Unknown Province","Unknown Region"
Kalilangan,7.7464,124.7475,"Unknown Province","Unknown Region"
"Santa Elena",14.1797,122.3919,"Unknown Province","Unknown Region"
"Roseller Lim",7.6583,122.4639,"Unknown Province","Unknown Region"
Guambog,7.3092,125.8556,"Unknown Province","Unknown Region"
"Moises Padilla",10.27,123.08,"Unknown Province","Unknown Region"
Toboso,10.72,123.52,"Unknown Province","Unknown Region"
Victoria,14.225,121.325,"Unknown Province","Unknown Region"
Laurel,14.05,120.9,"Unknown Province","Unknown Region"
"South Upi",6.8548,124.1443,"Unknown Province","Unknown Region"
Abucay,14.7222,120.5354,"Unknown Province","Unknown Region"
Villaba,11.22,124.4,"Unknown Province","Unknown Region"
"Santo Tomas",15,120.75,"Unknown Province","Unknown Region"
"Nueva Valencia",10.5259,122.5398,"Unknown Province","Unknown Region"
"Proper Bansud",12.8594,121.4567,"Unknown Province","Unknown Region"
Panitan,11.4639,122.7694,"Unknown Province","Unknown Region"
Balabac,7.98,117.05,"Unknown Province","Unknown Region"
Tucuran,7.8547,123.5783,"Unknown Province","Unknown Region"
Carranglan,15.9608,121.0631,"Unknown Province","Unknown Region"
"Santa Cruz",13.0831,120.7192,"Metro Manila",NCR
"Santa Rita",11.4522,124.9408,"Unknown Province","Unknown Region"
Llanera,15.6625,121.0197,"Unknown Province","Unknown Region"
Polanco,8.5319,123.3631,"Unknown Province","Unknown Region"
"President Quirino",6.7,124.73,"Unknown Province","Unknown Region"
Liloy,8.1228,122.6736,"Unknown Province","Unknown Region"
Aritao,16.2973,121.0338,"Unknown Province","Unknown Region"
Claveria,12.9035,123.2457,"Unknown Province","Unknown Region"
Madridejos,11.27,123.73,"Unknown Province","Unknown Region"
Matnog,12.5856,124.0856,"Unknown Province","Unknown Region"
"Puerto Galera",13.5,120.9542,"Unknown Province","Unknown Region"
Amadeo,14.1728,120.9277,"Unknown Province","Unknown Region"
Kibawe,7.5678,124.9903,"Unknown Province","Unknown Region"
Quezon,15.5542,120.8111,"Unknown Province","Unknown Region"
"San Miguel",8.9322,126.0403,"Unknown Province","Unknown Region"
Kasibu,16.3181,121.2958,"Unknown Province","Unknown Region"
Naga,7.7978,122.6944,"Unknown Province","Unknown Region"
Gonzaga,18.2614,121.9969,"Unknown Province","Unknown Region"
Daram,11.6341,124.7947,"Unknown Province","Unknown Region"
Socorro,13.0583,121.4117,"Unknown Province","Unknown Region"
Anda,16.2896,119.9491,"Unknown Province","Unknown Region"
Tagudin,16.9361,120.4464,"Unknown Province","Unknown Region"
Tabogon,10.93,124.03,"Unknown Province","Unknown Region"
Mondragon,12.52,124.75,"Unknown Province","Unknown Region"
"Santa Cruz",17.0853,120.4553,"Metro Manila",NCR
Alcala,17.9031,121.6556,"Unknown Province","Unknown Region"
Maayon,11.3903,122.7828,"Unknown Province","Unknown Region"
Lasam,18.07,121.6,"Unknown Province","Unknown Region"
Bacong,9.2464,123.2948,"Unknown Province","Unknown Region"
"San Jose de Urquico",15.4781,120.4639,"Unknown Province","Unknown Region"
Mambajao,9.25,124.72,"Unknown Province","Unknown Region"
"La Libertad",10.03,123.22,"Unknown Province","Unknown Region"
Tagbina,8.4578,126.1578,"Unknown Province","Unknown Region"
Tampakan,6.45,124.93,"Unknown Province","Unknown Region"
"Marikina Heights",14.6534,121.1187,"Metro Manila",NCR
Maddela,16.3411,121.6833,"Unknown Province","Unknown Region"
Malilipot,13.32,123.73,"Unknown Province","Unknown Region"
"Santo Tomas",16.28,120.38,"Unknown Province","Unknown Region"
Mobo,12.3372,123.6581,"Unknown Province","Unknown Region"
Vallehermoso,10.33,123.32,"Unknown Province","Unknown Region"
Lobo,13.65,121.25,"Unknown Province","Unknown Region"
Mambusao,11.43,122.5953,"Unknown Province","Unknown Region"
Maragondon,14.27,120.73,"Unknown Province","Unknown Region"
Nabas,11.8278,122.0939,"Unknown Province","Unknown Region"
Siay,7.7056,122.8641,"Unknown Province","Unknown Region"
Romblon,12.55,122.28,"Unknown Province","Unknown Region"
"San Juan",16.67,120.33,"Metro Manila",NCR
Rizal,12.47,120.97,"Unknown Province","Unknown Region"
Villanueva,8.58,124.78,"Unknown Province","Unknown Region"
Leyte,11.37,124.48,"Unknown Province","Unknown Region"
Balaoan,16.82,120.4,"Unknown Province","Unknown Region"
Banga,11.6389,122.3331,"Unknown Province","Unknown Region"
Payabon,9.77,123.13,"Unknown Province","Unknown Region"
Malalag,6.6,125.4,"Unknown Province","Unknown Region"
Balud,12.0369,123.1935,"Unknown Province","Unknown Region"
Taysan,13.78,121.2,"Unknown Province","Unknown Region"
Dingras,18.1036,120.6975,"Unknown Province","Unknown Region"
Valladolid,10.47,122.83,"Unknown Province","Unknown Region"
Cabatuan,16.9589,121.6692,"Unknown Province","Unknown Region"
Plaridel,8.6214,123.7101,"Unknown Province","Unknown Region"
Panglao,9.579,123.745,"Unknown Province","Unknown Region"
Tago,9.0192,126.2333,"Unknown Province","Unknown Region"
Baco,13.3584,121.0977,"Unknown Province","Unknown Region"
Pamplona,9.47,123.12,"Unknown Province","Unknown Region"
"Santo Nino",6.43,124.68,"Unknown Province","Unknown Region"
Palauig,15.4336,119.9083,"Unknown Province","Unknown Region"
"San Nicolas",16.07,120.7653,"Unknown Province","Unknown Region"
Magsaysay,12.3117,121.1472,"Unknown Province","Unknown Region"
Alimodian,10.8196,122.4322,"Unknown Province","Unknown Region"
Veruela,8.07,125.96,"Unknown Province","Unknown Region"
Caraga,7.3283,126.5658,"Unknown Province","Unknown Region"
Buldon,7.52,124.37,"Unknown Province","Unknown Region"
Talacogon,8.45,125.79,"Unknown Province","Unknown Region"
Poblacion,7.5086,125.9206,"Metro Manila",NCR
Manay,7.2108,126.5328,"Unknown Province","Unknown Region"
Jordan,10.6,122.6,"Unknown Province","Unknown Region"
"Kalingalan Caluang",5.88,121.27,"Unknown Province","Unknown Region"
Lilio,14.13,121.436,"Unknown Province","Unknown Region"
Siniloan,14.42,121.45,"Unknown Province","Unknown Region"
Alicia,7.506,122.9412,"Unknown Province","Unknown Region"
Sogod,10.75,124,"Unknown Province","Unknown Region"
Clarin,8.2,123.85,"Unknown Province","Unknown Region"
Pamplona,13.5925,123.0833,"Unknown Province","Unknown Region"
Damulog,7.4853,124.9411,"Unknown Province","Unknown Region"
Bayanan,14.4078,121.05,"Metro Manila",NCR
Agoncillo,13.9334,120.9285,"Unknown Province","Unknown Region"
Sual,16.0661,120.0958,"Unknown Province","Unknown Region"
"San Dionisio",11.2711,123.0948,"Unknown Province","Unknown Region"
Gabaldon,15.4506,121.3378,"Unknown Province","Unknown Region"
Caluya,11.932,121.548,"Unknown Province","Unknown Region"
"San Nicolas",18.175,120.595,"Unknown Province","Unknown Region"
Cabugao,17.7947,120.4556,"Unknown Province","Unknown Region"
Aborlan,9.4386,118.5481,"Unknown Province","Unknown Region"
Valencia,9.28,123.25,"Unknown Province","Unknown Region"
Real,14.67,121.6,"Unknown Province","Unknown Region"
Jamindan,11.4094,122.5103,"Unknown Province","Unknown Region"
Margosatubig,7.5783,123.1659,"Unknown Province","Unknown Region"
"San Fernando",13.5661,123.1422,"Unknown Province","Unknown Region"
"San Andres",13.5961,124.0992,"Metro Manila",NCR
Maasin,10.88,122.43,"Unknown Province","Unknown Region"
Olutanga,7.3106,122.8464,"Unknown Province","Unknown Region"
Buug,7.7286,123.0608,"Unknown Province","Unknown Region"
Patnongon,10.9142,121.9947,"Unknown Province","Unknown Region"
Samal,14.7678,120.5431,"Unknown Province","Unknown Region"
Laur,15.5797,121.1864,"Unknown Province","Unknown Region"
Borbon,10.83,124,"Unknown Province","Unknown Region"
Tayasan,9.92,123.15,"Unknown Province","Unknown Region"
Mapandan,16.026,120.454,"Unknown Province","Unknown Region"
Bangar,16.9,120.42,"Unknown Province","Unknown Region"
Bagabag,16.6044,121.2521,"Unknown Province","Unknown Region"
Luuk,5.9676,121.3133,"Unknown Province","Unknown Region"
"Santo Domingo",13.235,123.7769,"Unknown Province","Unknown Region"
Marantao,7.95,124.233,"Unknown Province","Unknown Region"
Karuhatan,14.6883,120.9761,"Metro Manila",NCR
"San Marcelino",14.9742,120.1573,"Unknown Province","Unknown Region"
Basista,15.8524,120.3976,"Unknown Province","Unknown Region"
Tambulig,8.07,123.5372,"Unknown Province","Unknown Region"
"San Andres",13.3231,122.6761,"Metro Manila",NCR
Oras,12.1414,125.4392,"Unknown Province","Unknown Region"
"San Antonio",14.9486,120.0864,"Metro Manila",NCR
Magallanes,12.8283,123.8344,"Unknown Province","Unknown Region"
Mabuhay,7.4176,122.837,"Unknown Province","Unknown Region"
Sitangkai,4.6615,119.3919,"Unknown Province","Unknown Region"
Luna,16.85,120.38,"Unknown Province","Unknown Region"
Mankayan,16.8567,120.7933,"Unknown Province","Unknown Region"
Bantay,17.5839,120.3908,"Unknown Province","Unknown Region"
Imbatug,8.3128,124.6873,"Unknown Province","Unknown Region"
Languyan,5.2667,120.0833,"Unknown Province","Unknown Region"
Moalboal,9.95,123.4,"Unknown Province","Unknown Region"
Basilisa,10.0654,125.5968,"Unknown Province","Unknown Region"
"San Enrique",11.0697,122.6567,"Unknown Province","Unknown Region"
Manucan,8.5161,123.0917,"Unknown Province","Unknown Region"
Sagnay,13.6039,123.5233,"Unknown Province","Unknown Region"
Magsaysay,9.02,125.18,"Unknown Province","Unknown Region"
Enrile,17.5622,121.7011,"Unknown Province","Unknown Region"
Aurora,16.9918,121.6357,"Unknown Province","Unknown Region"
"Las Navas",12.34,125.032,"Unknown Province","Unknown Region"
Simbahan,6.3,120.58,"Unknown Province","Unknown Region"
Dinas,7.6161,123.3378,"Unknown Province","Unknown Region"
Cabanglasan,8.0772,125.2992,"Unknown Province","Unknown Region"
Siayan,8.2517,123.1144,"Unknown Province","Unknown Region"
Cuenca,13.92,121.05,"Unknown Province","Unknown Region"
Capalonga,14.3314,122.4928,"Unknown Province","Unknown Region"
Canaman,13.6481,123.1711,"Unknown Province","Unknown Region"
Gasan,13.32,121.85,"Unknown Province","Unknown Region"
Dagami,11.0611,124.9031,"Unknown Province","Unknown Region"
"San Luis",13.83,120.93,"Unknown Province","Unknown Region"
Rapu-Rapu,13.18,124.13,"Unknown Province","Unknown Region"
Barira,7.4706,124.3561,"Unknown Province","Unknown Region"
Gutalac,7.98,122.4,"Unknown Province","Unknown Region"
Sibuco,7.2928,122.0669,"Unknown Province","Unknown Region"
Matanog,7.47,124.25,"Unknown Province","Unknown Region"
Claveria,9.5742,125.7328,"Unknown Province","Unknown Region"
Bel-Air,14.5639,121.0263,"Metro Manila",NCR
Pandan,11.7206,122.0961,"Unknown Province","Unknown Region"
"San Antonio",13.9,121.3,"Metro Manila",NCR
Jagna,9.65,124.37,"Unknown Province","Unknown Region"
Numancia,11.7042,122.3289,"Unknown Province","Unknown Region"
"Santa Ana",18.4589,122.1419,"Metro Manila",NCR
Medina,8.92,125.02,"Unknown Province","Unknown Region"
Casiguran,12.8731,124.0081,"Unknown Province","Unknown Region"
Pambujan,12.57,124.93,"Unknown Province","Unknown Region"
Pola,13.1439,121.44,"Unknown Province","Unknown Region"
Bautista,15.8103,120.4756,"Unknown Province","Unknown Region"
Morong,14.68,120.2683,"Unknown Province","Unknown Region"
Juban,12.8478,123.9894,"Unknown Province","Unknown Region"
Pansol,14.6514,121.08,"Metro Manila",NCR
Gandara,12.013,124.8118,"Unknown Province","Unknown Region"
Allacapan,18.227,121.5556,"Unknown Province","Unknown Region"
"San Luis",8.5,125.74,"Unknown Province","Unknown Region"
"Abra de Ilog",13.4448,120.726,"Unknown Province","Unknown Region"
Sulop,6.5986,125.3436,"Unknown Province","Unknown Region"
Lingig,8.0381,126.4127,"Unknown Province","Unknown Region"
Trinidad,10.0795,124.3432,"Unknown Province","Unknown Region"
Balasan,11.4728,123.0878,"Unknown Province","Unknown Region"
Guimbal,10.67,122.32,"Unknown Province","Unknown Region"
Munai,7.9758,124.0636,"Unknown Province","Unknown Region"
Payao,7.5857,122.8022,"Unknown Province","Unknown Region"
Mendez-Nunez,14.1286,120.9058,"Unknown Province","Unknown Region"
Leganes,10.78,122.58,"Unknown Province","Unknown Region"
Bugasong,11.0447,122.0647,"Unknown Province","Unknown Region"
Duenas,11.07,122.62,"Unknown Province","Unknown Region"
Abulug,18.4441,121.4576,"Unknown Province","Unknown Region"
Bonifacio,8.0527,123.6136,"Unknown Province","Unknown Region"
Bayog,7.8474,123.0423,"Unknown Province","Unknown Region"
Mogpog,13.48,121.87,"Unknown Province","Unknown Region"
"Santa Maria",14.475,121.425,"Unknown Province","Unknown Region"
Barugo,11.32,124.73,"Unknown Province","Unknown Region"
Ballesteros,18.4108,121.5169,"Unknown Province","Unknown Region"
"Santa Fe",11.15,123.8,"Unknown Province","Unknown Region"
Aloguinsan,10.2229,123.5491,"Unknown Province","Unknown Region"
Tandubas,5.134,120.3461,"Unknown Province","Unknown Region"
Pinukpuk,17.5731,121.3653,"Unknown Province","Unknown Region"
"New Panamao",5.97,121.2,"Unknown Province","Unknown Region"
Simunul,4.898,119.8213,"Unknown Province","Unknown Region"
Sibutu,4.85,119.47,"Unknown Province","Unknown Region"
"General Nakar",14.7631,121.635,"Unknown Province","Unknown Region"
"Santa Maria",15.9808,120.7003,"Unknown Province","Unknown Region"
Talayan,6.9844,124.3564,"Unknown Province","Unknown Region"
"Laoac East",16.0333,120.55,"Unknown Province","Unknown Region"
Guindulman,9.762,124.488,"Unknown Province","Unknown Region"
"San Manuel",17.02,121.63,"Unknown Province","Unknown Region"
Cantilan,9.3356,125.9769,"Unknown Province","Unknown Region"
"San Remigio",10.8331,122.0875,"Unknown Province","Unknown Region"
Palapag,12.547,125.116,"Unknown Province","Unknown Region"
Jalajala,14.354,121.324,"Unknown Province","Unknown Region"
"Shariff Aguak",6.8647,124.4417,"Unknown Province","Unknown Region"
"San Quintin",15.9844,120.815,"Unknown Province","Unknown Region"
Milaor,13.5956,123.1781,"Unknown Province","Unknown Region"
Sibagat,8.82,125.69,"Unknown Province","Unknown Region"
Initao,8.5,124.3167,"Unknown Province","Unknown Region"
"Lupi Viejo",13.7908,122.9092,"Unknown Province","Unknown Region"
Lianga,8.633,126.0932,"Unknown Province","Unknown Region"
Tabango,11.3067,124.3714,"Unknown Province","Unknown Region"
Baclaran,14.5319,120.9942,"Metro Manila",NCR
Dao,11.38,122.63,"Unknown Province","Unknown Region"
"Tobias Fornier",10.5178,121.945,"Unknown Province","Unknown Region"
Naguilian,17.02,121.85,"Unknown Province","Unknown Region"
Catmon,10.67,123.95,"Unknown Province","Unknown Region"
Kadingilan,7.6003,124.9097,"Unknown Province","Unknown Region"
Capoocan,11.2944,124.6419,"Unknown Province","Unknown Region"
Midsalip,8.0328,123.3147,"Unknown Province","Unknown Region"
"Datu Paglas",6.7669,124.85,"Unknown Province","Unknown Region"
Batobato,6.8361,126.0889,"Unknown Province","Unknown Region"
Masiu,7.82,124.32,"Unknown Province","Unknown Region"
"Sapa Sapa",5.0899,120.2729,"Unknown Province","Unknown Region"
Cabarroguis,16.5103,121.5222,"Unknown Province","Unknown Region"
Columbio,6.7,124.93,"Unknown Province","Unknown Region"
"San Vicente",10.5281,119.2542,"Unknown Province","Unknown Region"
Bacarra,18.2519,120.6107,"Unknown Province","Unknown Region"
Batan,11.5853,122.4981,"Unknown Province","Unknown Region"
Getafe,10.15,124.15,"Unknown Province","Unknown Region"
Banate,11.05,122.78,"Unknown Province","Unknown Region"
Vintar,18.2306,120.6489,"Unknown Province","Unknown Region"
"Dupax Del Norte",16.3075,121.1019,"Unknown Province","Unknown Region"
Pandami,5.53,120.75,"Unknown Province","Unknown Region"
Dipaculao,15.98,121.63,"Unknown Province","Unknown Region"
Calape,9.88,123.88,"Unknown Province","Unknown Region"
Dumalinao,7.82,123.37,"Unknown Province","Unknown Region"
Mayantoc,15.6203,120.3775,"Unknown Province","Unknown Region"
Matalom,10.28,124.8,"Unknown Province","Unknown Region"
Diplahan,7.6911,122.9853,"Unknown Province","Unknown Region"
Balindong,7.92,124.2,"Unknown Province","Unknown Region"
Badoc,17.9267,120.4754,"Unknown Province","Unknown Region"
Dolores,14.0157,121.4011,"Unknown Province","Unknown Region"
Lumbang,14.297,121.459,"Unknown Province","Unknown Region"
Penaranda,15.3531,121.0017,"Unknown Province","Unknown Region"
Jimalalud,9.9797,123.1999,"Unknown Province","Unknown Region"
Mallig,17.2086,121.6106,"Unknown Province","Unknown Region"
Igbaras,10.72,122.27,"Unknown Province","Unknown Region"
Catubig,12.4,125.05,"Unknown Province","Unknown Region"
Alubijid,8.5714,124.4751,"Unknown Province","Unknown Region"
Buguey,18.2882,121.8331,"Unknown Province","Unknown Region"
Salug,8.1075,122.7575,"Unknown Province","Unknown Region"
Balimbing,7.9,123.85,"Unknown Province","Unknown Region"
Caramoran,13.98,124.13,"Unknown Province","Unknown Region"
Tamparan,7.879,124.333,"Unknown Province","Unknown Region"
Malangas,7.6317,123.0322,"Unknown Province","Unknown Region"
Bauko,16.9917,120.8644,"Unknown Province","Unknown Region"
"Sergio Osmena Sr",8.3003,123.5083,"Unknown Province","Unknown Region"
Polillo,14.72,121.95,"Unknown Province","Unknown Region"
Claveria,18.6061,121.0822,"Unknown Province","Unknown Region"
Pantabangan,15.8086,121.1433,"Unknown Province","Unknown Region"
Tubao,16.35,120.42,"Unknown Province","Unknown Region"
Sigma,11.4214,122.6662,"Unknown Province","Unknown Region"
Calubian,11.4467,124.4278,"Unknown Province","Unknown Region"
Merida,10.9098,124.5376,"Unknown Province","Unknown Region"
Lemery,11.23,122.93,"Unknown Province","Unknown Region"
Bagac,14.5951,120.3918,"Unknown Province","Unknown Region"
Dasol,15.9896,119.8805,"Unknown Province","Unknown Region"
Dimataling,7.5297,123.3661,"Unknown Province","Unknown Region"
Magsingal,17.685,120.4244,"Unknown Province","Unknown Region"
Ivisan,11.5217,122.6908,"Unknown Province","Unknown Region"
"President Roxas",11.4297,122.9247,"Unknown Province","Unknown Region"
Paracelis,17.1811,121.4036,"Unknown Province","Unknown Region"
Siraway,7.5853,122.1406,"Unknown Province","Unknown Region"
Buenavista,13.7394,122.4675,"Unknown Province","Unknown Region"
Gata,7.85,124.35,"Unknown Province","Unknown Region"
"Tairan Camp",6.65,121.87,"Unknown Province","Unknown Region"
"La Paz",8.28,125.81,"Unknown Province","Unknown Region"
Ganassi,7.8269,124.1034,"Unknown Province","Unknown Region"
"San Narciso",15.02,120.08,"Unknown Province","Unknown Region"
"San Isidro",11.42,124.35,"Metro Manila",NCR
Aglipay,16.4889,121.5874,"Unknown Province","Unknown Region"
Balatan,13.32,123.23,"Unknown Province","Unknown Region"
Gamu,17.05,121.83,"Unknown Province","Unknown Region"
"Mataas Na Kahoy",13.97,121.08,"Unknown Province","Unknown Region"
Anilao,10.9785,122.7531,"Unknown Province","Unknown Region"
Torrijos,13.32,122.08,"Unknown Province","Unknown Region"
Maguing,7.9,124.4,"Unknown Province","Unknown Region"
Candelaria,15.63,119.93,"Unknown Province","Unknown Region"
Pantao-Ragat,8.05,124.15,"Unknown Province","Unknown Region"
"Las Nieves",8.74,125.6,"Unknown Province","Unknown Region"
Calintaan,12.5756,120.9428,"Unknown Province","Unknown Region"
Piagapo,8,124.2,"Unknown Province","Unknown Region"
Candijay,9.818,124.496,"Unknown Province","Unknown Region"
Marogong,7.67,124.15,"Unknown Province","Unknown Region"
Pulupandan,10.52,122.8,"Unknown Province","Unknown Region"
"San Miguel",10.78,122.47,"Unknown Province","Unknown Region"
Dumalag,11.3039,122.6214,"Unknown Province","Unknown Region"
Balete,11.5553,122.3792,"Unknown Province","Unknown Region"
Iguig,17.7517,121.7364,"Unknown Province","Unknown Region"
Dauin,9.2,123.27,"Unknown Province","Unknown Region"
"Santa Maria",17.3719,120.4814,"Unknown Province","Unknown Region"
Balungao,15.9,120.7,"Unknown Province","Unknown Region"
Salay,8.87,124.8,"Unknown Province","Unknown Region"
Agno,16.1161,119.8027,"Unknown Province","Unknown Region"
"Ragan Sur",17.32,121.78,"Unknown Province","Unknown Region"
"San Roque",12.533,124.867,"Unknown Province","Unknown Region"
Padada,6.63,125.35,"Unknown Province","Unknown Region"
Balabagan,7.53,124.12,"Unknown Province","Unknown Region"
Quiapo,14.6,120.983,"Metro Manila",NCR
"San Luis",15.72,121.52,"Unknown Province","Unknown Region"
Bontoc,10.35,124.97,"Unknown Province","Unknown Region"
"Benito Soliven",16.98,121.95,"Unknown Province","Unknown Region"
Makato,11.712,122.2922,"Unknown Province","Unknown Region"
Buenavista,10.08,124.12,"Unknown Province","Unknown Region"
"San Jacinto",12.5683,123.7336,"Unknown Province","Unknown Region"
Pasuquin,18.3342,120.6183,"Unknown Province","Unknown Region"
"West Rembo",14.5667,121.0667,"Metro Manila",NCR
Placer,9.657,125.6016,"Unknown Province","Unknown Region"
"South Ubian",5.18,120.48,"Unknown Province","Unknown Region"
Zamboanguita,9.1,123.199,"Unknown Province","Unknown Region"
Sumilao,8.3281,124.9783,"Unknown Province","Unknown Region"
Kumalarang,7.7478,123.1442,"Unknown Province","Unknown Region"
Manticao,8.4042,124.2867,"Unknown Province","Unknown Region"
Garchitorena,13.88,123.7,"Unknown Province","Unknown Region"
Lavezares,12.53,124.33,"Unknown Province","Unknown Region"
"Bagong Pag-Asa",14.6622,121.0331,"Metro Manila",NCR
Licab,15.54,120.7619,"Unknown Province","Unknown Region"
Oslob,9.55,123.4,"Unknown Province","Unknown Region"
Poona-Piagapo,8.08,124.08,"Unknown Province","Unknown Region"
Hinunangan,10.4,125.2,"Unknown Province","Unknown Region"
Sexmoan,14.936,120.623,"Unknown Province","Unknown Region"
Lugus,5.7,120.82,"Unknown Province","Unknown Region"
"Santo Domingo",17.6414,120.4108,"Unknown Province","Unknown Region"
Dapa,9.7578,126.0528,"Unknown Province","Unknown Region"
Ampatuan,6.8348,124.4581,"Unknown Province","Unknown Region"
"Santo Nino",14.5033,121.0031,"Unknown Province","Unknown Region"
Siquijor,9.18,123.58,"Unknown Province","Unknown Region"
Jimenez,8.3333,123.8333,"Unknown Province","Unknown Region"
Tabuelan,10.85,123.9,"Unknown Province","Unknown Region"
Ponot,8.4428,123.0219,"Unknown Province","Unknown Region"
Baleno,12.4739,123.4982,"Unknown Province","Unknown Region"
Babatngon,11.4207,124.8434,"Unknown Province","Unknown Region"
Tibiao,11.2892,122.0342,"Unknown Province","Unknown Region"
Mabini,9.865,124.523,"Unknown Province","Unknown Region"
Pilar,9.83,124.33,"Unknown Province","Unknown Region"
Santiago,9.27,125.56,"Unknown Province","Unknown Region"
"Dona Remedios Trinidad",15,121.08,"Unknown Province","Unknown Region"
Tudela,8.2472,123.8424,"Unknown Province","Unknown Region"
"Santo Nino",17.8861,121.5691,"Unknown Province","Unknown Region"
Basay,9.42,122.63,"Unknown Province","Unknown Region"
"Saint Bernard",10.28,125.13,"Unknown Province","Unknown Region"
Valencia,9.6097,124.208,"Unknown Province","Unknown Region"
"San Manuel",15.7975,120.6072,"Unknown Province","Unknown Region"
"Datu Piang",7.0178,124.4974,"Unknown Province","Unknown Region"
Libacao,11.48,122.3,"Unknown Province","Unknown Region"
Kolambugan,8.1144,123.8971,"Unknown Province","Unknown Region"
Pinyahan,14.64,121.0461,"Metro Manila",NCR
Cabangan,15.13,120.15,"Unknown Province","Unknown Region"
Bayang,7.793,124.192,"Unknown Province","Unknown Region"
Mainit,9.5369,125.5231,"Unknown Province","Unknown Region"
Cuartero,11.3428,122.6714,"Unknown Province","Unknown Region"
Aloran,8.4146,123.8228,"Unknown Province","Unknown Region"
"Reina Mercedes Viejo",16.9872,121.8272,"Unknown Province","Unknown Region"
"Reina Mercedes",16.9872,121.8272,"Unknown Province","Unknown Region"
Majayjay,14.1463,121.4729,"Unknown Province","Unknown Region"
Caridad,14.4828,120.8958,"Unknown Province","Unknown Region"
Dingalan,15.38,121.4,"Unknown Province","Unknown Region"
Talusan,7.4263,122.8084,"Unknown Province","Unknown Region"
"San Isidro",12.388,124.331,"Metro Manila",NCR
Mahaplag,10.6072,124.9636,"Unknown Province","Unknown Region"
Magdalena,14.2,121.43,"Unknown Province","Unknown Region"
Lapuyan,7.6325,123.1914,"Unknown Province","Unknown Region"
"Leon Postigo",8.1514,122.9244,"Unknown Province","Unknown Region"
Conner,17.8086,121.2889,"Unknown Province","Unknown Region"
Pitogo,7.4536,123.3133,"Unknown Province","Unknown Region"
Villareal,11.57,124.93,"Unknown Province","Unknown Region"
Palanas,12.1464,123.9219,"Unknown Province","Unknown Region"
Macalelon,13.75,122.13,"Unknown Province","Unknown Region"
Zarraga,10.82,122.6,"Unknown Province","Unknown Region"
"Ramon Magsaysay",8.0053,123.4869,"Unknown Province","Unknown Region"
Talisay,14.1356,122.9244,"Unknown Province","Unknown Region"
Taraka,7.8994,124.3481,"Unknown Province","Unknown Region"
Badiangan,10.986,122.5369,"Unknown Province","Unknown Region"
"San Isidro",16.87,121.77,"Metro Manila",NCR
Quezon,17.3119,121.605,"Unknown Province","Unknown Region"
Tarragona,7.0491,126.4471,"Unknown Province","Unknown Region"
Tambo,14.5164,120.9889,"Unknown Province","Unknown Region"
Alitagtag,13.865,121.0063,"Unknown Province","Unknown Region"
"Santa Margarita",12.0378,124.6578,"Unknown Province","Unknown Region"
Labrador,16.0339,120.1392,"Unknown Province","Unknown Region"
Magarao,13.6619,123.1903,"Unknown Province","Unknown Region"
Malitbog,8.5361,124.8808,"Unknown Province","Unknown Region"
Saguiaran,8.03,124.27,"Unknown Province","Unknown Region"
Sapian,11.4939,122.6047,"Unknown Province","Unknown Region"
"San Juan",17.7431,120.4583,"Metro Manila",NCR
"Bien Unido",10.13,124.38,"Unknown Province","Unknown Region"
Bugho,10.8,124.93,"Unknown Province","Unknown Region"
"San Pablo",7.6578,123.4597,"Unknown Province","Unknown Region"
Pantar,8.0667,124.2667,"Unknown Province","Unknown Region"
Macrohon,10.0797,124.9431,"Unknown Province","Unknown Region"
Lauaan,11.1429,122.0417,"Unknown Province","Unknown Region"
Casiguran,16.28,122.12,"Unknown Province","Unknown Region"
Plainview,14.5777,121.0337,"Unknown Province","Unknown Region"
Bubong,8.02,124.48,"Unknown Province","Unknown Region"
Madalum,7.853,124.119,"Unknown Province","Unknown Region"
Kayapa,16.3583,120.8861,"Unknown Province","Unknown Region"
Mabini,16.0697,119.94,"Unknown Province","Unknown Region"
"Santa Josefa",7.98,126.03,"Unknown Province","Unknown Region"
"Del Gallego",13.9233,122.5961,"Unknown Province","Unknown Region"
"San Jose",10.0083,125.5889,"Unknown Province","Unknown Region"
Lagindingan,8.58,124.45,"Unknown Province","Unknown Region"
Pandag,6.7411,124.7827,"Unknown Province","Unknown Region"
"San Pablo",17.4478,121.795,"Unknown Province","Unknown Region"
Infanta,15.8208,119.9083,"Unknown Province","Unknown Region"
Lamut,16.6517,121.2178,"Unknown Province","Unknown Region"
Poro,10.629,124.407,"Unknown Province","Unknown Region"
Sanchez-Mira,18.5611,121.2344,"Unknown Province","Unknown Region"
Manito,13.1235,123.8693,"Unknown Province","Unknown Region"
"Sierra Bullones",9.82,124.28,"Unknown Province","Unknown Region"
Dancagan,7.6119,125.0028,"Unknown Province","Unknown Region"
Buenavista,13.25,121.95,"Unknown Province","Unknown Region"
Burgos,17.07,121.7,"Unknown Province","Unknown Region"
Sinait,17.8667,120.4583,"Unknown Province","Unknown Region"
"Santa Lucia",17.1222,120.4494,"Unknown Province","Unknown Region"
Binidayan,7.8,124.17,"Unknown Province","Unknown Region"
Bobon,12.52,124.57,"Unknown Province","Unknown Region"
Socorro,9.6181,125.9661,"Unknown Province","Unknown Region"
Tubay,9.16,125.52,"Unknown Province","Unknown Region"
"Santo Cristo",14.6603,121.03,"Unknown Province","Unknown Region"
Pura,15.6248,120.648,"Unknown Province","Unknown Region"
Natividad,16.0422,120.7953,"Unknown Province","Unknown Region"
Talisayan,8.9917,124.8833,"Unknown Province","Unknown Region"
"Santa Maria",17.47,121.75,"Unknown Province","Unknown Region"
Tabina,7.4655,123.4086,"Unknown Province","Unknown Region"
Tarangnan,11.9,124.75,"Unknown Province","Unknown Region"
Altavas,11.5383,122.4869,"Unknown Province","Unknown Region"
Alegria,9.7243,123.3402,"Unknown Province","Unknown Region"
Busuanga,12.1335,119.9363,"Unknown Province","Unknown Region"
Tipo-Tipo,6.53,122.17,"Unknown Province","Unknown Region"
Ayuquitan,9.4644,123.2237,"Unknown Province","Unknown Region"
"Lopez Jaena",8.55,123.7667,"Unknown Province","Unknown Region"
Unisan,13.8413,121.9752,"Unknown Province","Unknown Region"
Tumbao,7.12,124.38,"Unknown Province","Unknown Region"
Nagtipunan,16.22,121.6,"Unknown Province","Unknown Region"
"San Miguel",10,124.32,"Unknown Province","Unknown Region"
Talugtug,15.7789,120.8111,"Unknown Province","Unknown Region"
Camalaniugan,18.2756,121.6756,"Unknown Province","Unknown Region"
Allen,12.5013,124.282,"Unknown Province","Unknown Region"
Sarrat,18.1578,120.6447,"Unknown Province","Unknown Region"
Monreal,12.644,123.6648,"Unknown Province","Unknown Region"
Pagudpud,18.5614,120.7878,"Unknown Province","Unknown Region"
Soccorro,14.6179,121.0558,"Unknown Province","Unknown Region"
Camaligan,13.6208,123.1656,"Unknown Province","Unknown Region"
"San Felipe",15.0619,120.07,"Unknown Province","Unknown Region"
Pangil,14.4,121.47,"Unknown Province","Unknown Region"
Quirino,17.1356,121.735,"Unknown Province","Unknown Region"
Paoay,18.0625,120.5203,"Unknown Province","Unknown Region"
Paete,14.37,121.48,"Unknown Province","Unknown Region"
Dimasalang,12.1933,123.8583,"Unknown Province","Unknown Region"
Jabonga,9.3431,125.5156,"Unknown Province","Unknown Region"
Solsona,18.0961,120.7725,"Unknown Province","Unknown Region"
Piat,17.7919,121.4769,"Unknown Province","Unknown Region"
"General Luna",13.6881,122.1708,"Unknown Province","Unknown Region"
Poblacion,10.1614,125.1303,"Metro Manila",NCR
Pamplona,18.4661,121.3425,"Unknown Province","Unknown Region"
Tugaya,7.884,124.172,"Unknown Province","Unknown Region"
Kalayaan,14.328,121.48,"Unknown Province","Unknown Region"
Tuburan,6.6,122.2,"Unknown Province","Unknown Region"
Patian,5.8444,121.1439,"Unknown Province","Unknown Region"
Baroy,8.03,123.78,"Unknown Province","Unknown Region"
Tamilisan,7.9761,122.6639,"Unknown Province","Unknown Region"
Ternate,14.28,120.72,"Unknown Province","Unknown Region"
Burdeos,14.8436,121.9697,"Unknown Province","Unknown Region"
Carrascal,9.3683,125.9494,"Unknown Province","Unknown Region"
"Santo Tomas",17.4,121.77,"Unknown Province","Unknown Region"
Malinao,11.6431,122.3072,"Unknown Province","Unknown Region"
"Garcia Hernandez",9.6144,124.2946,"Unknown Province","Unknown Region"
Ramain,7.97,124.35,"Unknown Province","Unknown Region"
Alicia,9.8957,124.4415,"Unknown Province","Unknown Region"
Bacolod,8.1892,124.0238,"Unknown Province","Unknown Region"
Sagbayan,9.92,124.1,"Unknown Province","Unknown Region"
Lucena,10.88,122.6,"Unknown Province","Unknown Region"
Kauswagan,8.1917,124.0847,"Unknown Province","Unknown Region"
Lagonglong,8.8,124.78,"Unknown Province","Unknown Region"
"San Enrique",10.42,122.85,"Unknown Province","Unknown Region"
"San Fernando",12.32,122.6,"Unknown Province","Unknown Region"
Caibiran,11.57,124.58,"Unknown Province","Unknown Region"
"San Agustin",12.5689,122.1314,"Unknown Province","Unknown Region"
Bontoc,17.09,120.9772,"Unknown Province","Unknown Region"
Balete,14.02,121.1,"Unknown Province","Unknown Region"
Quezon,16.4894,121.2639,"Unknown Province","Unknown Region"
Mina,10.93,122.58,"Unknown Province","Unknown Region"
Cavinti,14.245,121.507,"Unknown Province","Unknown Region"
"General Emilio Aguinaldo",14.18,120.8,"Unknown Province","Unknown Region"
Bulusan,12.7522,124.1356,"Unknown Province","Unknown Region"
"San Nicolas",13.9283,120.951,"Unknown Province","Unknown Region"
Magallanes,14.18,120.75,"Unknown Province","Unknown Region"
Kalawit,7.9051,122.5279,"Unknown Province","Unknown Region"
Catigbian,9.83,124.03,"Unknown Province","Unknown Region"
Baliguian,7.8088,122.1452,"Unknown Province","Unknown Region"
Candoni,9.82,122.6,"Unknown Province","Unknown Region"
Burgos,16.0465,119.8568,"Unknown Province","Unknown Region"
Limbuhan,11.8836,124.0497,"Unknown Province","Unknown Region"
Tangalan,11.7775,122.2603,"Unknown Province","Unknown Region"
Pitogo,10.121,124.553,"Unknown Province","Unknown Region"
Dumaran,10.53,119.77,"Unknown Province","Unknown Region"
Pakil,14.38,121.48,"Unknown Province","Unknown Region"
Cuyo,10.85,121.02,"Unknown Province","Unknown Region"
"Padre Burgos",13.9226,121.8116,"Unknown Province","Unknown Region"
"Maharlika Village",14.4989,121.0533,"Unknown Province","Unknown Region"
Gamay,12.38,125.3,"Unknown Province","Unknown Region"
Barbasa,11.1961,122.0389,"Unknown Province","Unknown Region"
Maigo,8.15,123.97,"Unknown Province","Unknown Region"
Calbiga,11.63,125.02,"Unknown Province","Unknown Region"
Tugatog,14.6629,120.969,"Unknown Province","Unknown Region"
Cajidiocan,12.37,122.68,"Unknown Province","Unknown Region"
Maibog,10.15,125,"Unknown Province","Unknown Region"
Calamba,8.5583,123.6417,"Unknown Province","Unknown Region"
Culion,11.8944,120.0186,"Unknown Province","Unknown Region"
Carmen,9,125.26,"Unknown Province","Unknown Region"
Caba,16.4316,120.3446,"Unknown Province","Unknown Region"
Tubungan,10.78,122.3,"Unknown Province","Unknown Region"
Ramos,15.6667,120.6417,"Unknown Province","Unknown Region"
Viga,13.87,124.3,"Unknown Province","Unknown Region"
Oteiza,8.7437,126.2214,"Unknown Province","Unknown Region"
"General Luna",9.7836,126.1567,"Unknown Province","Unknown Region"
Pitogo,13.785,122.0881,"Unknown Province","Unknown Region"
Lumbatan,7.785,124.256,"Unknown Province","Unknown Region"
Butig,7.7239,124.3011,"Unknown Province","Unknown Region"
"Prieto Diaz",13.0408,124.1931,"Unknown Province","Unknown Region"
Parabcan,13.71,123.745,"Unknown Province","Unknown Region"
Sarangani,5.412,125.422,"Unknown Province","Unknown Region"
Lazi,9.128,123.634,"Unknown Province","Unknown Region"
Piddig,18.1647,120.7172,"Unknown Province","Unknown Region"
Baclayon,9.6227,123.9135,"Unknown Province","Unknown Region"
Naawan,8.4333,124.3,"Unknown Province","Unknown Region"
Magallanes,9.02,125.52,"Unknown Province","Unknown Region"
Ugong,14.5842,121.0729,"Unknown Province","Unknown Region"
Maribojoc,9.75,123.85,"Unknown Province","Unknown Region"
Batad,11.42,123.12,"Unknown Province","Unknown Region"
Salcedo,11.15,125.67,"Unknown Province","Unknown Region"
"Santa Fe",11.1856,124.9161,"Unknown Province","Unknown Region"
"San Agustin",16.52,121.75,"Unknown Province","Unknown Region"
Madamba,7.88,124.07,"Unknown Province","Unknown Region"
Anini-y,10.4325,121.9253,"Unknown Province","Unknown Region"
"San Jose",9.42,123.23,"Unknown Province","Unknown Region"
Gigaquit,9.5947,125.6975,"Unknown Province","Unknown Region"
Looc,12.2605,121.9926,"Unknown Province","Unknown Region"
Bato,13.6,124.3,"Unknown Province","Unknown Region"
Cagwait,8.9181,126.3017,"Unknown Province","Unknown Region"
Guipos,7.735,123.3231,"Unknown Province","Unknown Region"
Can-Avid,12,125.45,"Unknown Province","Unknown Region"
Tigbao,7.8205,123.2277,"Unknown Province","Unknown Region"
"San Fernando",12.4858,123.7628,"Unknown Province","Unknown Region"
MacArthur,10.8356,124.9964,"Unknown Province","Unknown Region"
"Rancheria Payau",7.8509,123.1542,"Unknown Province","Unknown Region"
"Santa Teresita",13.8664,120.9814,"Unknown Province","Unknown Region"
Cabucgayan,11.4719,124.575,"Unknown Province","Unknown Region"
Pandan,14.05,124.17,"Unknown Province","Unknown Region"
Llorente,11.4125,125.5458,"Unknown Province","Unknown Region"
Inopacan,10.5,124.75,"Unknown Province","Unknown Region"
Luna,18.3311,121.3725,"Unknown Province","Unknown Region"
"Krus na Ligas",14.6442,121.0636,"Unknown Province","Unknown Region"
Kitcharao,9.46,125.58,"Unknown Province","Unknown Region"
Mabitac,14.43,121.42,"Unknown Province","Unknown Region"
Linamon,8.18,124.17,"Unknown Province","Unknown Region"
"Dupax del Sur",16.2842,121.0917,"Unknown Province","Unknown Region"
Clarin,9.97,124.02,"Unknown Province","Unknown Region"
"Loyola Heights",14.6403,121.0744,"Unknown Province","Unknown Region"
Aguinaldo,16.9789,121.3272,"Unknown Province","Unknown Region"
Ronda,10.0003,123.4095,"Unknown Province","Unknown Region"
Barcelona,12.8694,124.1419,"Unknown Province","Unknown Region"
Punturin,14.7381,120.9978,"Unknown Province","Unknown Region"
"San Guillermo",16.7244,121.81,"Unknown Province","Unknown Region"
Luisiana,14.185,121.5109,"Unknown Province","Unknown Region"
Hindang,10.4339,124.7278,"Unknown Province","Unknown Region"
Banting,5.7167,120.9,"Unknown Province","Unknown Region"
Tolosa,11.0633,125.0353,"Unknown Province","Unknown Region"
Luna,16.97,121.73,"Unknown Province","Unknown Region"
Banaue,16.9119,121.0614,"Unknown Province","Unknown Region"
Kapay,8.08,124.4,"Unknown Province","Unknown Region"
Lugait,8.3411,124.2592,"Unknown Province","Unknown Region"
"Guadalupe Nuevo",14.5587,121.0446,"Unknown Province","Unknown Region"
Binondo,14.6,120.967,"Unknown Province","Unknown Region"
"Sapang Dalaga",8.55,123.57,"Unknown Province","Unknown Region"
Magsaysay,8.03,123.92,"Unknown Province","Unknown Region"
Kawayan,11.7,124.37,"Unknown Province","Unknown Region"
Samboan,9.5288,123.3064,"Unknown Province","Unknown Region"
"San Martin De Porres",14.4817,121.0425,"Unknown Province","Unknown Region"
Danao,10.02,124.27,"Unknown Province","Unknown Region"
Pinan,8.4822,123.45,"Unknown Province","Unknown Region"
"Del Carmen",9.869,125.97,"Unknown Province","Unknown Region"
"Villa Verde",16.6067,121.1828,"Unknown Province","Unknown Region"
Valderrama,11.0036,122.1294,"Unknown Province","Unknown Region"
Mulundo,7.93,124.38,"Unknown Province","Unknown Region"
Dagohoy,9.92,124.28,"Unknown Province","Unknown Region"
"San Miguel",7.65,123.2678,"Unknown Province","Unknown Region"
Malabuyoc,9.65,123.33,"Unknown Province","Unknown Region"
"San Miguel",11.2942,124.83,"Unknown Province","Unknown Region"
Sinacaban,8.2854,123.8436,"Unknown Province","Unknown Region"
Caoayan,17.5469,120.3831,"Unknown Province","Unknown Region"
"Santa Teresita",18.2519,121.91,"Unknown Province","Unknown Region"
Rizal,17.5,121.6,"Unknown Province","Unknown Region"
Santiago,17.2947,120.4453,"Unknown Province","Unknown Region"
Cervantes,16.9917,120.7333,"Unknown Province","Unknown Region"
Marihatag,8.8008,126.2983,"Unknown Province","Unknown Region"
Tublay,16.4764,120.6333,"Unknown Province","Unknown Region"
Siruma,14.0219,123.2589,"Unknown Province","Unknown Region"
Pastrana,11.13,124.88,"Unknown Province","Unknown Region"
Buruanga,11.8438,121.8888,"Unknown Province","Unknown Region"
Napindan,14.5398,121.0966,"Unknown Province","Unknown Region"
Tadian,16.9961,120.8208,"Unknown Province","Unknown Region"
Pugo,16.28,120.48,"Unknown Province","Unknown Region"
"San Roque",14.48,120.9011,"Unknown Province","Unknown Region"
Espiritu,17.9806,120.6544,"Unknown Province","Unknown Region"
Kapangan,16.5764,120.6053,"Unknown Province","Unknown Region"
Balintawak,14.6506,121.0014,"Unknown Province","Unknown Region"
Cabusao,13.7275,123.1142,"Unknown Province","Unknown Region"
Diadi,16.66,121.3686,"Unknown Province","Unknown Region"
Atok,16.6272,120.7672,"Unknown Province","Unknown Region"
Tingloy,13.65,120.87,"Unknown Province","Unknown Region"
Jiabong,11.7625,124.9519,"Unknown Province","Unknown Region"
Ermita,14.583,120.983,"Unknown Province","Unknown Region"
Alcoy,9.7082,123.506,"Unknown Province","Unknown Region"
"La Paz",10.8911,124.9572,"Unknown Province","Unknown Region"
"San Teodoro",13.4358,121.0192,"Unknown Province","Unknown Region"
Lumbayanague,7.78,124.28,"Unknown Province","Unknown Region"
Rizal,17.8478,121.345,"Unknown Province","Unknown Region"
Malanday,14.7194,120.9547,"Unknown Province","Unknown Region"
"San Gabriel",16.67,120.4,"Unknown Province","Unknown Region"
Madalag,11.5269,122.3064,"Unknown Province","Unknown Region"
Lagawe,16.7975,121.1228,"Unknown Province","Unknown Region"
Duero,9.72,124.4,"Unknown Province","Unknown Region"
Malimono,9.6183,125.4019,"Unknown Province","Unknown Region"
Nunungan,7.82,123.97,"Unknown Province","Unknown Region"
Sebaste,11.5901,122.0945,"Unknown Province","Unknown Region"
Taft,11.9058,125.4181,"Unknown Province","Unknown Region"
Paglat,6.7811,124.7849,"Unknown Province","Unknown Region"
Balilihan,9.75,123.97,"Unknown Province","Unknown Region"
"San Miguel",14.6,121,"Unknown Province","Unknown Region"
Paluan,13.42,120.47,"Unknown Province","Unknown Region"
Santander,9.45,123.33,"Unknown Province","Unknown Region"
Bilar,9.7,124.1,"Unknown Province","Unknown Region"
Tinoc,16.675,120.9367,"Unknown Province","Unknown Region"
Baliangao,8.67,123.6,"Unknown Province","Unknown Region"
Tinajeros,14.6733,120.969,"Unknown Province","Unknown Region"
Cagdianao,9.92,125.67,"Unknown Province","Unknown Region"
Cortes,9.72,123.88,"Unknown Province","Unknown Region"
Rizal,14.1083,121.3917,"Unknown Province","Unknown Region"
"Santa Fe",16.1592,120.9378,"Unknown Province","Unknown Region"
Pinabacdao,11.62,124.98,"Unknown Province","Unknown Region"
Mayorga,10.9,125,"Unknown Province","Unknown Region"
"Santa Ana",14.5277,121.0766,"Metro Manila",NCR
Libjo,10.196,125.5328,"Unknown Province","Unknown Region"
Buadiposo-Buntong,7.97,124.38,"Unknown Province","Unknown Region"
Marcos,18.0444,120.6786,"Unknown Province","Unknown Region"
Bombon,13.6867,123.1994,"Unknown Province","Unknown Region"
Almeria,11.6206,124.3794,"Unknown Province","Unknown Region"
Bucay,17.54,120.72,"Unknown Province","Unknown Region"
Flora,18.2147,121.4186,"Unknown Province","Unknown Region"
Cortes,9.2753,126.1911,"Unknown Province","Unknown Region"
Gitagum,8.5956,124.4054,"Unknown Province","Unknown Region"
Loay,9.6,124.02,"Unknown Province","Unknown Region"
Marabut,11.12,125.22,"Unknown Province","Unknown Region"
"Santa Fe",12.15,122,"Unknown Province","Unknown Region"
"San Rafael",11.1728,122.8267,"Unknown Province","Unknown Region"
Jovellar,13.07,123.6,"Unknown Province","Unknown Region"
Anda,9.744,124.576,"Unknown Province","Unknown Region"
Kiangan,16.7775,121.0878,"Unknown Province","Unknown Region"
Palanan,17.0589,122.43,"Unknown Province","Unknown Region"
Biliran,11.58,124.48,"Unknown Province","Unknown Region"
"San Jose",12.531,124.487,"Unknown Province","Unknown Region"
Pinili,17.954,120.527,"Unknown Province","Unknown Region"
"San Jorge",11.9833,124.8167,"Unknown Province","Unknown Region"
Catarman,9.13,124.68,"Unknown Province","Unknown Region"
Esperanza,11.7369,124.0417,"Unknown Province","Unknown Region"
Boljoon,9.63,123.43,"Unknown Province","Unknown Region"
Matagob,11.1469,124.4733,"Unknown Province","Unknown Region"
Libertad,11.769,121.9189,"Unknown Province","Unknown Region"
Talitay,7.0353,124.3758,"Unknown Province","Unknown Region"
Sibutao,8.6131,123.4797,"Unknown Province","Unknown Region"
Lubang,13.8586,120.1228,"Unknown Province","Unknown Region"
Loboc,9.63,124.03,"Unknown Province","Unknown Region"
Calayan,19.2619,121.4753,"Unknown Province","Unknown Region"
Tagana-an,9.6964,125.5825,"Unknown Province","Unknown Region"
Sudipen,16.9,120.47,"Unknown Province","Unknown Region"
Alcantara,12.2584,122.0543,"Unknown Province","Unknown Region"
Saguday,16.5394,121.5636,"Unknown Province","Unknown Region"
Dilasag,16.4,122.22,"Unknown Province","Unknown Region"
"Santa Magdalena",12.6489,124.1083,"Unknown Province","Unknown Region"
Kibungan,16.6939,120.6539,"Unknown Province","Unknown Region"
"Tomas Oppus",10.25,124.98,"Unknown Province","Unknown Region"
Alcantara,9.9715,123.4047,"Unknown Province","Unknown Region"
Ginatilan,9.6,123.35,"Unknown Province","Unknown Region"
Tubaran,7.72,124.17,"Unknown Province","Unknown Region"
Famy,14.43,121.45,"Unknown Province","Unknown Region"
Madrid,9.2619,125.9647,"Unknown Province","Unknown Region"
Barangka,14.6297,121.0803,"Unknown Province","Unknown Region"
"La Paz",17.6739,120.6847,"Unknown Province","Unknown Region"
"San Miguel",11.492,119.871,"Unknown Province","Unknown Region"
Panukulan,14.93,121.82,"Unknown Province","Unknown Region"
"San Juan",9.159,123.494,"Metro Manila",NCR
Arteche,12.2694,125.3712,"Unknown Province","Unknown Region"
Zumarraga,11.639,124.841,"Unknown Province","Unknown Region"
Kabugao,18.0239,121.1833,"Unknown Province","Unknown Region"
Alegria,9.4667,125.5767,"Unknown Province","Unknown Region"
Bingawan,11.23,122.57,"Unknown Province","Unknown Region"
Tankal,8,124,"Unknown Province","Unknown Region"
Despujols,12.5183,122.0108,"Unknown Province","Unknown Region"
Alabat,14.1023,122.0136,"Unknown Province","Unknown Region"
Quezon,14.05,122.13,"Unknown Province","Unknown Region"
Kabayan,16.6233,120.8381,"Unknown Province","Unknown Region"
Sulat,11.82,125.45,"Unknown Province","Unknown Region"
"San Miguel",13.6411,124.3008,"Unknown Province","Unknown Region"
Leso,11.6697,122.3269,"Unknown Province","Unknown Region"
Mayoyao,16.9736,121.2214,"Unknown Province","Unknown Region"
Calumpang,14.6249,121.0865,"Unknown Province","Unknown Region"
Julita,10.9731,124.9622,"Unknown Province","Unknown Region"
Pudtol,18.2356,121.3733,"Unknown Province","Unknown Region"
Ambaguio,16.5316,121.0282,"Unknown Province","Unknown Region"
Magdiwang,12.48,122.52,"Unknown Province","Unknown Region"
"San Policarpo",12.1791,125.5072,"Unknown Province","Unknown Region"
Victoria,12.45,124.32,"Unknown Province","Unknown Region"
Anao-aon,9.7778,125.4231,"Unknown Province","Unknown Region"
Maydolong,11.5,125.5,"Unknown Province","Unknown Region"
Motiong,11.78,125,"Unknown Province","Unknown Region"
"Project Six",14.6561,121.0408,"Unknown Province","Unknown Region"
Libagon,10.3,125.05,"Unknown Province","Unknown Region"
"Silvino Lobos",12.3281,124.8464,"Unknown Province","Unknown Region"
Tagoloan,8.1333,124.2667,"Unknown Province","Unknown Region"
Tatarikan,7.73,124.12,"Unknown Province","Unknown Region"
Patnanungan,14.78,122.18,"Unknown Province","Unknown Region"
Rizal,8.5272,123.5517,"Unknown Province","Unknown Region"
Tubod,9.5547,125.5697,"Unknown Province","Unknown Region"
Bangui,18.5378,120.7653,"Unknown Province","Unknown Region"
Santa,17.486,120.4344,"Unknown Province","Unknown Region"
Antequera,9.7812,123.8975,"Unknown Province","Unknown Region"
Calanogas,7.75,124.1,"Unknown Province","Unknown Region"
Lagangilang,17.61,120.73,"Unknown Province","Unknown Region"
"San Juan",10.27,125.18,"Metro Manila",NCR
Dimiao,9.62,124.17,"Unknown Province","Unknown Region"
Bacuag,9.6081,125.6405,"Unknown Province","Unknown Region"
"San Tomas",15.8792,120.5883,"Unknown Province","Unknown Region"
Tayum,17.62,120.66,"Unknown Province","Unknown Region"
"San Julian",11.7536,125.4558,"Unknown Province","Unknown Region"
Matungao,8.13,124.17,"Unknown Province","Unknown Region"
"Lope de Vega",12.2983,124.6238,"Unknown Province","Unknown Region"
Mahinog,9.15,124.78,"Unknown Province","Unknown Region"
Boston,7.8697,126.3761,"Unknown Province","Unknown Region"
Batuan,12.4222,123.7817,"Unknown Province","Unknown Region"
Bakun,16.7925,120.6614,"Unknown Province","Unknown Region"
Pualas,7.82,124.07,"Unknown Province","Unknown Region"
Quinapundan,11.1578,125.5208,"Unknown Province","Unknown Region"
"Santa Catalina",17.5917,120.3644,"Unknown Province","Unknown Region"
Nampicuan,15.7342,120.6356,"Unknown Province","Unknown Region"
Larena,9.249,123.591,"Unknown Province","Unknown Region"
Bokod,16.4914,120.83,"Unknown Province","Unknown Region"
Araceli,10.5529,119.9904,"Unknown Province","Unknown Region"
Bagulin,16.6079,120.4378,"Unknown Province","Unknown Region"
"General MacArthur",11.2486,125.54,"Unknown Province","Unknown Region"
Maria,9.196,123.655,"Unknown Province","Unknown Region"
Balangiga,11.1092,125.3867,"Unknown Province","Unknown Region"
Balangkas,14.7381,120.9978,"Unknown Province","Unknown Region"
Sison,9.6592,125.5272,"Unknown Province","Unknown Region"
Mapanas,12.475,125.254,"Unknown Province","Unknown Region"
Santol,16.77,120.45,"Unknown Province","Unknown Region"
Belison,10.8381,121.9606,"Unknown Province","Unknown Region"
Kinogitan,8.9855,124.7937,"Unknown Province","Unknown Region"
Bambang,14.5228,121.0689,"Unknown Province","Unknown Region"
Batuan,9.8,124.13,"Unknown Province","Unknown Region"
Hinabangan,11.7,125.07,"Unknown Province","Unknown Region"
Lanuza,9.2322,126.0592,"Unknown Province","Unknown Region"
Sampaloc,14.1625,121.6378,"Metro Manila",NCR
Baras,13.67,124.37,"Unknown Province","Unknown Region"
Dakit,10.06,125.1606,"Unknown Province","Unknown Region"
Buli,14.443,121.051,"Unknown Province","Unknown Region"
"Santa Marcela",18.2872,121.4375,"Unknown Province","Unknown Region"
"Lawang Bato",14.73,120.9961,"Unknown Province","Unknown Region"
"San Clemente",15.7119,120.3603,"Unknown Province","Unknown Region"
Tinglayan,17.265,121.1489,"Unknown Province","Unknown Region"
"San Vicente",17.5947,120.3753,"Unknown Province","Unknown Region"
Giporlos,11.1208,125.4494,"Unknown Province","Unknown Region"
Silago,10.5291,125.1618,"Unknown Province","Unknown Region"
Lawaan,11.1408,125.3011,"Unknown Province","Unknown Region"
Culaba,11.6578,124.5425,"Unknown Province","Unknown Region"
Libertad,8.5583,124.35,"Unknown Province","Unknown Region"
Balbalan,17.4436,121.2008,"Unknown Province","Unknown Region"
Agutaya,11.152,120.9396,"Unknown Province","Unknown Region"
Sagay,9.12,124.72,"Unknown Province","Unknown Region"
Burgos,17.3331,120.4944,"Unknown Province","Unknown Region"
Perez,14.18,121.93,"Unknown Province","Unknown Region"
Agdangan,13.8758,121.9122,"Unknown Province","Unknown Region"
Magsaysay,10.87,121.05,"Unknown Province","Unknown Region"
Tagoloan,8.1092,124.4392,"Unknown Province","Unknown Region"
"San Vicente",14.1061,122.8733,"Unknown Province","Unknown Region"
Calanasan,18.255,121.0436,"Unknown Province","Unknown Region"
"Santo Nino",11.9263,124.4492,"Unknown Province","Unknown Region"
Pilar,10.807,124.565,"Unknown Province","Unknown Region"
Pidigan,17.57,120.59,"Unknown Province","Unknown Region"
Hinundayan,10.35,125.25,"Unknown Province","Unknown Region"
Capul,12.423,124.182,"Unknown Province","Unknown Region"
Lila,9.6,124.1,"Unknown Province","Unknown Region"
Currimao,18.0203,120.4864,"Unknown Province","Unknown Region"
Anao,15.7304,120.6264,"Unknown Province","Unknown Region"
Josefina,8.2144,123.5439,"Unknown Province","Unknown Region"
"Nueva Era",17.92,120.67,"Unknown Province","Unknown Region"
Mariana,14.6194,121.0347,"Unknown Province","Unknown Region"
"Fort Bonifacio",14.5311,121.0478,"Unknown Province","Unknown Region"
Tabontabon,11.03,124.97,"Unknown Province","Unknown Region"
Lapinig,12.315,125.302,"Unknown Province","Unknown Region"
Agcogon,12.07,121.93,"Unknown Province","Unknown Region"
Mutia,8.4176,123.4771,"Unknown Province","Unknown Region"
Carmen,9.2289,126.0167,"Unknown Province","Unknown Region"
Manabo,17.43,120.7,"Unknown Province","Unknown Region"
Sablan,16.4967,120.4875,"Unknown Province","Unknown Region"
Gainza,13.6167,123.1414,"Unknown Province","Unknown Region"
Dolores,17.65,120.71,"Unknown Province","Unknown Region"
Sagada,17.0842,120.9008,"Unknown Province","Unknown Region"
Sevilla,9.7,124.05,"Unknown Province","Unknown Region"
Calatrava,12.6167,122.0708,"Unknown Province","Unknown Region"
Tudela,10.636,124.47,"Unknown Province","Unknown Region"
Biri,12.67,124.38,"Unknown Province","Unknown Region"
Alburquerque,9.6104,123.9549,"Unknown Province","Unknown Region"
"Padre Burgos",10.03,125.02,"Unknown Province","Unknown Region"
Salcedo,17.1517,120.5361,"Unknown Province","Unknown Region"
Bagamanoc,13.9408,124.2888,"Unknown Province","Unknown Region"
Balingoan,9,124.85,"Unknown Province","Unknown Region"
Rosario,12.52,124.42,Cavite,"IV-A (CALABARZON)"
Panaon,8.3667,123.8333,"Unknown Province","Unknown Region"
Suyo,16.9839,120.5139,"Unknown Province","Unknown Region"
Burgos,18.5114,120.6444,"Unknown Province","Unknown Region"
Tuktukan,14.528,121.0718,"Unknown Province","Unknown Region"
"San Juan",17.68,120.73,"Metro Manila",NCR
Dinagat,9.9561,125.5933,"Unknown Province","Unknown Region"
Pasil,17.3894,121.1597,"Unknown Province","Unknown Region"
"Don Galo",14.5072,120.9844,"Unknown Province","Unknown Region"
"San Ricardo",9.92,125.28,"Unknown Province","Unknown Region"
Pilar,9.8639,126.1008,"Unknown Province","Unknown Region"
Natonin,17.1089,121.2797,"Unknown Province","Unknown Region"
Galimuyod,17.18,120.47,"Unknown Province","Unknown Region"
Pintuyan,9.95,125.25,"Unknown Province","Unknown Region"
Balangkayan,11.4728,125.5108,"Unknown Province","Unknown Region"
Pilar,17.42,120.6,"Unknown Province","Unknown Region"
Plaridel,13.9511,122.0203,"Unknown Province","Unknown Region"
Corcuera,12.8,122.05,"Unknown Province","Unknown Region"
Hingyon,16.8522,121.0989,"Unknown Province","Unknown Region"
"San Isidro",9.8,124.3,"Metro Manila",NCR
Sugbongkogon,8.95,124.78,"Unknown Province","Unknown Region"
Panganiban,13.9,124.3,"Unknown Province","Unknown Region"
Loreto,10.3586,125.5816,"Unknown Province","Unknown Region"
Sabangan,17.0044,120.9233,"Unknown Province","Unknown Region"
Basco,20.45,121.97,"Unknown Province","Unknown Region"
Corella,9.68,123.92,"Unknown Province","Unknown Region"
"Santa Monica",10.02,126.038,"Unknown Province","Unknown Region"
Concepcion,8.4167,123.6,"Unknown Province","Unknown Region"
Lubuagan,17.35,121.18,"Unknown Province","Unknown Region"
Quirino,17.1383,120.6764,"Unknown Province","Unknown Region"
Almagro,11.9108,124.2852,"Unknown Province","Unknown Region"
Burgos,16.525,120.4583,"Unknown Province","Unknown Region"
Bayabas,8.9678,126.2817,"Unknown Province","Unknown Region"
"San Antonio",12.414,124.279,"Metro Manila",NCR
Hunduan,16.83,121,"Unknown Province","Unknown Region"
Tagapul-an,12.05,124.15,"Unknown Province","Unknown Region"
Tanudan,17.2814,121.2303,"Unknown Province","Unknown Region"
Gigmoto,13.78,124.38,"Unknown Province","Unknown Region"
"San Sebastian",11.7,125.02,"Unknown Province","Unknown Region"
"La Huerta",14.4972,120.9953,"Unknown Province","Unknown Region"
"Alfonso Castaneda",15.7933,121.3025,"Unknown Province","Unknown Region"
Hernani,11.3239,125.6181,"Unknown Province","Unknown Region"
"San Isidro",9.9369,126.0886,"Metro Manila",NCR
"Magugpo Poblacion",7.3821,125.8017,"Unknown Province","Unknown Region"
Pili,13.7177,123.7448,"Unknown Province","Unknown Region"
Tabuk,17.4084,121.2785,"Unknown Province","Unknown Region"
"San Jose",10.18,125.5683,"Unknown Province","Unknown Region"
"Santa Cruz",14.1167,121.2833,"Metro Manila",NCR
Koronadal,6.2541,124.9922,"Unknown Province","Unknown Region"
